id,label
1025526231461183496,bot
125815552,bot
1201356512104349696,bot
97706667,bot
988068354,bot
1132402733045100544,bot
337217236,bot
959285851875196928,bot
826256205584535557,bot
1199768132832776193,bot
1661094252,bot
22663306,bot
1049162319941517312,bot
1013877380551774210,bot
859592034,bot
2449913803,bot
1014175274756395009,bot
882714227248680961,bot
823238304183283712,bot
261589142,bot
1214687241961791489,bot
260885614,bot
969444209940889600,bot
808441004764332032,bot
3220084809,bot
517512920,bot
408023195,bot
717363629847396352,bot
932109065647415296,bot
888941363793989633,bot
3192962633,bot
1197209917972762625,bot
892128385492697088,bot
2909317254,bot
1171196331945275392,bot
940667507349716992,bot
1085010463128195073,bot
1886468286,bot
67824962,bot
499329344,bot
1216128945017556993,bot
1029902668964290560,bot
17133665,bot
56491860,bot
272064857,bot
1011574790044438529,bot
1164570075799662593,bot
1089847455003365376,bot
379648875,bot
1445111881,bot
1228342815962419207,bot
1206274647488000000,bot
16585101,bot
1268383134,bot
1041742778806480896,bot
923189291613917184,bot
972162448949116928,bot
290054616,bot
265245636,bot
393190233,bot
64782523,bot
1240369490,bot
753596533417926656,bot
15988539,bot
747433580,bot
2831435046,bot
1115351170711580672,bot
1152580236770283520,bot
101310094,bot
2738477133,bot
1023805133795278848,bot
791773970034888704,bot
49148823,bot
992134558190456833,bot
1121079795058716679,bot
1137823130720919554,bot
1142506515493990400,bot
1064289861782433792,bot
860654500431880192,bot
90114840,bot
1009563233425022976,bot
830603169055010820,bot
975479327679795200,bot
1909921760,bot
43784241,bot
784783818859294720,bot
138889809,bot
1219276774997221377,bot
1218153043805581320,bot
1176136293157355520,bot
44132912,bot
1110281349284458496,bot
136073741,bot
1151441341861249024,bot
23443030,bot
974498490762973190,bot
28884655,bot
3086902329,bot
1161786573672738818,bot
1071173410514972673,bot
825948698,bot
1044177636904366080,bot
1224403692536901633,bot
1218604675122860032,bot
86985451,bot
1004694257725296641,bot
3334843313,bot
1178167402258997248,bot
764925179956912128,bot
714991341,bot
1010522757543669761,bot
1958769932,bot
1219986276495110151,bot
25098358,bot
1111377393405562881,bot
892188990991876096,bot
976295787855597568,bot
816736590412337158,bot
1214752028431454208,bot
1112198245390925825,bot
332608219,bot
1220161572057673728,bot
974103996817379328,bot
14828950,bot
2836321987,bot
822462665910063105,bot
1142633025882271744,bot
879416319652790276,bot
3394053112,bot
839103212691066880,bot
1128610043463651328,bot
1114718776258367488,bot
1095178667108425729,bot
955530852846456834,bot
1086496986180800512,bot
1205987374720864256,bot
46808996,bot
1196622163698180096,bot
1065015449417654272,bot
800236299424702464,bot
3389996296,bot
3684208045,bot
727137760574857216,bot
1024775399736311808,bot
1180953739793842176,bot
801168552,bot
1110715495878217728,bot
1513214906,bot
798088749221613568,bot
963569760947630080,bot
1215533447080366080,bot
966317909659103232,bot
402810988,bot
1203456438653186048,bot
815552224046829568,bot
2307364483,bot
1225039480962174976,bot
2345804239,bot
892275857779118080,bot
283352830,bot
1874943132,bot
816798989785894916,bot
1155500124296097792,bot
103466695,bot
969138694308421632,bot
788131075318910976,bot
1045424510353182727,bot
2828705712,bot
1217606115904540672,bot
306437360,bot
982989860091736065,bot
1075617792370581504,bot
4800871226,bot
952745082,bot
788927963173564416,bot
302948698,bot
1012475880248143873,bot
4860451825,bot
936120674996940801,bot
1172879712634454016,bot
466563097,bot
159584057,bot
823416009763627008,bot
844507268,bot
1185766269762592768,bot
165255622,bot
12112272,bot
16279880,bot
863504120,bot
796403983476736000,bot
553224712,bot
28273116,bot
925445927313305600,bot
1247936395,bot
792425445929078788,bot
2427521119,bot
366498596,bot
832700878884831232,bot
757703840669904896,bot
992562871300222981,bot
33946024,bot
899169868460597248,bot
822901284655210497,bot
827366553091846144,bot
1070155320503296000,bot
73562405,bot
984866185857642497,bot
261430052,bot
4000515677,bot
1190179918824517634,bot
1107168678057902080,bot
1002526165775650817,bot
815388229893378048,bot
995936502311014402,bot
252405807,bot
1473532470,bot
1094713876132872192,bot
139438330,bot
909448512,bot
545368833,bot
951965474904051712,bot
402699614,bot
18066377,bot
1042476832526807040,bot
899498052297400320,bot
1204480029855551489,bot
1182036058617384960,bot
1096083747512991744,bot
1188446753889980416,bot
77143250,bot
1024889843191619584,bot
2202087336,bot
3860020998,bot
1189717955988332545,bot
813567258781810688,bot
327017753,bot
1216806052181807107,bot
1165008218482991104,bot
821346996661403650,bot
1020536840007319552,bot
1043354500768116736,bot
575057784,bot
882660427947266048,bot
194261777,bot
1021078428018020353,bot
1026551724440465409,bot
1015013202839535616,bot
155184468,bot
914879246987927552,bot
1206980352381616128,bot
1130046320184446976,bot
909606587001638913,bot
1072548470530236416,bot
1173431953917456391,bot
1219645776059564032,bot
872233627639263232,bot
1211409152720830465,bot
1205374352407093250,bot
1221018175745200128,bot
2330796883,bot
447200783,bot
1192356953315516417,bot
881679922913304576,bot
1116864113450344449,bot
1081225697094455296,bot
881538455901134848,bot
730388626262130688,bot
107495715,bot
4048852873,bot
766310525814902784,bot
969768445595316224,bot
17596616,bot
882379676101992448,bot
2190330965,bot
1225581588634750977,bot
38605342,bot
1196283360362020864,bot
1187405482228666371,bot
30604083,bot
759110604456095746,bot
192279335,bot
83841942,bot
873628196591325186,bot
137721735,bot
1192248667547275264,bot
759254490,bot
3323948109,bot
767898625,bot
1093485474918920192,bot
706289535383015424,bot
1212527719306543104,bot
1091799936767803392,bot
1140649312122286080,bot
1071060575818575872,bot
402098023,bot
3611891834,bot
14206115,bot
489958688,bot
1126638904394825728,bot
735688014161018880,bot
1199907648050622464,bot
785458822412369920,bot
1043868806194622464,bot
27219302,bot
1079429091546316800,bot
1176557221972520960,bot
2844435437,bot
1076328952237445120,bot
1258858646,bot
3318543460,bot
793665030357213184,bot
1213657926717435904,bot
1072342620024815622,bot
835603125209808896,bot
973202960,bot
162747537,bot
1028967802336464898,bot
1901482416,bot
993276564,bot
1168189634158977025,bot
2865931440,bot
805524511936245761,bot
3057959389,bot
937523295968223232,bot
1198275957582417921,bot
2407292684,bot
1042975011995312128,bot
702525607398252546,bot
708665434556469248,bot
1218663010492993536,bot
854331265167892481,bot
436058592,bot
821346369361346560,bot
827495269394550785,bot
277018759,bot
3059716343,bot
21785269,bot
4716947431,bot
25688595,bot
1223397450,bot
920436714535116800,bot
1219471920950890496,bot
927303387426770944,bot
887742120072626176,bot
1142234435863162882,bot
330535936,bot
790217011171328000,bot
908731843779760128,bot
1564437284,bot
711267839,bot
233710570,bot
1190110776666791937,bot
750418300849393664,bot
4182380774,bot
1131097953001721856,bot
1186625826,bot
1087134051914395648,bot
1350600788,bot
3453483442,bot
1512234564,bot
1001500373331402752,bot
25566129,bot
2904643327,bot
1099457151863541761,bot
569659612,bot
958841282159370240,bot
411005468,bot
4730891536,bot
965301079092219904,bot
2484687302,bot
417294821,bot
2300614933,bot
2466940272,bot
3616347075,bot
42074224,bot
881105019667447808,bot
1210647318896291841,bot
15700729,bot
1228079693271830529,bot
831307291517386753,bot
362723824,bot
1194152189142417408,bot
1179945224816201729,bot
381829318,bot
383125195,bot
1202648528184627200,bot
2973096358,bot
959070776715440129,bot
797927149856403456,bot
1150884029878734850,bot
1194620284080476161,bot
936762000008396800,bot
1170354033577680896,bot
62513435,bot
824289637254529024,bot
745161748731203584,bot
1150810140947431425,bot
1229899797873807360,bot
1097654644849938433,bot
1228349587007721472,bot
806143273471447040,bot
1613166488,bot
2192945562,bot
531497385,bot
868962058989187072,bot
1219942786507603968,bot
726430582675111936,bot
1224078440179163138,bot
393969873,bot
817348080899080192,bot
839075580,bot
399795890,bot
1382536237,bot
891311739391926274,bot
17194090,bot
1163866196543975425,bot
935964414141874176,bot
2654356639,bot
1179436537471221760,bot
3306173819,bot
711367696072515584,bot
858196705090523136,bot
21712671,bot
720896695,bot
1079786899642945536,bot
827103661977317381,bot
867245421256749057,bot
1182796388792459264,bot
519872763,bot
23195603,bot
1059940486817947648,bot
1046169889138868225,bot
1192138989211410432,bot
1178111089847996416,bot
93992192,bot
1229816199636226050,bot
30717203,bot
754743809670520832,bot
205518700,bot
1213907134749872130,bot
1124204335905234944,bot
738801603944316928,bot
101021872,bot
845392971381927936,bot
826181002016018432,bot
3260756930,bot
2316327692,bot
810595061931081728,bot
3315464599,bot
147436328,bot
1162940086381633536,bot
1017908416214392832,bot
817749946040340480,bot
1181698680417595392,bot
3278935033,bot
2769288165,bot
3059092060,bot
828862867,bot
823901672699269121,bot
49120470,bot
1207124240626962432,bot
1475843268,bot
1064921405945466882,bot
146048090,bot
3422398941,bot
1032628116160765952,bot
1116507977828175872,bot
1197695820,bot
873018257002831873,bot
823381648293105664,bot
2859643392,bot
1217998195252498432,bot
44749843,bot
921048750549798912,bot
1186401589503971328,bot
4160794887,bot
1095364283834105856,bot
1218191950186070016,bot
46887301,bot
922110659554430976,bot
1602636956,bot
1194076501723013120,bot
1335474918,bot
1726098164,bot
1157840327782346752,bot
1146864656054550528,bot
973692154626404352,bot
1166790721686237184,bot
1226242517655597056,bot
1149614611764637697,bot
1000828816405737472,bot
1208031055040720896,bot
903953910,bot
1213986184923234304,bot
525682186,bot
1182405041380085761,bot
855828970557677568,bot
1055994488777138176,bot
319265497,bot
1197450984,bot
1096929184109264897,bot
872293773195325441,bot
2299072092,bot
890788806059737089,bot
788055459169177601,bot
816979609916993536,bot
1218554293,bot
1703910080,bot
783036643754188801,bot
1116493176842276865,bot
1019803322642034689,bot
44672556,bot
119168685,bot
1027346622848671744,bot
1001911960605155328,bot
2783015351,bot
1720728648,bot
1098267831555244032,bot
2244629215,bot
545377339,bot
998024297938481160,bot
1010489235630149632,bot
3067668504,bot
1868465510,bot
972130480182116352,bot
826855507113758720,bot
626497387,bot
926635726506164225,bot
1638437586,bot
1021393315416166400,bot
1072055351673909248,bot
1088440638662680576,bot
705462765293596672,bot
50347501,bot
1055223106674024449,bot
239160808,bot
1211728626481156096,bot
1471615951,bot
824055142135791617,bot
936011468893491203,bot
902996995001999360,bot
1159224866387746817,bot
3838614857,bot
783509115754668032,bot
474308814,bot
1194766884144656389,bot
741804334543822848,bot
848609180218949633,bot
1221565364,bot
283677281,bot
2203153698,bot
742377702305370113,bot
804046215671324672,bot
1142855844364783623,bot
1198788958857117698,bot
159230211,bot
464120575,bot
1176154513880899585,bot
2226076832,bot
837028350,bot
1072534912303951873,bot
1036749588709957633,bot
1123755936965976073,bot
3404611078,bot
1103439259296583680,bot
1032224757154951168,bot
914850943593787392,bot
1015044369278164992,bot
885245073813798912,bot
1022268421294252034,bot
1102910439015370752,bot
940326182016258048,bot
1212526184702996480,bot
820059490305314816,bot
1048689142564118528,bot
977254766983163905,bot
908411276640112640,bot
954485414852743168,bot
1540601226,bot
1223192979726381057,bot
878706692338397184,bot
1060913826063937537,bot
840710502,bot
973034568197574656,bot
131723652,bot
1120973992754581509,bot
999622983424598016,bot
1118951206448181248,bot
1114680860983214081,bot
1028578680187052032,bot
4181648555,bot
1101849622073491456,bot
41681878,bot
1099737526686937088,bot
1109778441379950592,bot
1113425507624919040,bot
1113577200664629249,bot
982493449286029312,bot
1060455505683009536,bot
849307163982016512,bot
1084113207298584579,bot
1093183092049760256,bot
1107378463114227712,bot
1070411120253521922,bot
993590061894529024,bot
1060317244566237184,bot
732736395891118083,bot
1096369890234122241,bot
798196450517651456,bot
906038791697289216,bot
1100190509073600513,bot
1099727648471871490,bot
1098368635666657281,bot
1095770039939145730,bot
1095187623482544130,bot
781683859440173056,bot
928314603376742400,bot
1006982562605076480,bot
1094087132774305792,bot
768982448977747968,bot
1094153152389992449,bot
791088166593626113,bot
1083330945506308098,bot
918073104915746817,bot
1093191691543171074,bot
1091908795972734976,bot
1069375476622344192,bot
1089437453075824641,bot
1081252104742756352,bot
1088222072944377861,bot
720565696187510785,bot
1089606226047127552,bot
1083574886071762944,bot
911651904828116992,bot
1081270898659864581,bot
3091735275,bot
1080980613925036032,bot
1079755490580668416,bot
909624431273635843,bot
1020857489569566720,bot
1073980236453343234,bot
1069376294633250819,bot
957685460435861509,bot
3028811206,bot
1069875231924338688,bot
1067527987531268097,bot
1067943125258256384,bot
1056301519455301632,bot
3091533046,bot
977870673195479040,bot
715214387804372992,bot
3103172267,bot
1059567421894418433,bot
978126616202117120,bot
1056941019462336513,bot
908722710359949312,bot
895699896661024770,bot
1041656941536133120,bot
1011692391961714688,bot
916340701587177472,bot
817297257959747585,bot
1053406647417217024,bot
1054180180292440064,bot
911169818224623617,bot
995026002089840641,bot
966639350581792768,bot
988281821774336002,bot
1028142835059417088,bot
862610528711188480,bot
1047612356459724802,bot
871431225029689344,bot
1049728241248874496,bot
1051506601088208896,bot
1044202538843672576,bot
967883106270240770,bot
703005412610678784,bot
967357425660694528,bot
2873849441,bot
925657497238507520,bot
3332092654,bot
959045975821160448,bot
4531666948,bot
833103863007870978,bot
703220164305788928,bot
709947590268157952,bot
795119952156065792,bot
794370478693433344,bot
771413200210391040,bot
863475585095479298,bot
862664931174477825,bot
4690010330,bot
2671843464,bot
2697486960,bot
1043624209249984512,bot
1044520167173214208,bot
3997848915,bot
1046048297008484353,bot
906606599094935552,bot
1917328862,bot
1036049576271081472,bot
1048608762683117568,bot
1048235437779763203,bot
735851945865404416,bot
841355108696915968,bot
1044725409953136640,bot
959311521082834944,bot
1047560686489014273,bot
860979772016427008,bot
1040956752580239360,bot
1038811495549886464,bot
863816790857715712,bot
1038892795975614466,bot
1039245931634479106,bot
3347203689,bot
875041798091030528,bot
705800166867996672,bot
987218775303835648,bot
1033697430276108288,bot
1032895705625419776,bot
1002185173847498752,bot
915170375901818880,bot
4165861634,bot
3229361280,bot
845084446617485312,bot
1031710018855419904,bot
856940210705362944,bot
1030875249691303938,bot
3439078101,bot
920359296797429760,bot
884702335552937984,bot
1015186749755142144,bot
856984747473547265,bot
1031621147782205440,bot
857148734811123713,bot
4765790730,bot
1005241624161652736,bot
904674430416244740,bot
1030830288761438210,bot
953374918791573505,bot
924479079365185536,bot
914635608382943233,bot
924991637041958912,bot
831782664038449152,bot
789905066769653761,bot
792036071819403264,bot
729104184344227840,bot
714080836916756481,bot
932049341862240256,bot
1013226126804701184,bot
1027173948285431808,bot
810128712356298752,bot
929038210902253569,bot
923545627291803648,bot
1011651387804061696,bot
861970097010860032,bot
912277178343149570,bot
1020733774580117504,bot
747833144124964864,bot
913064403989417985,bot
804825537671593985,bot
1025809362386862082,bot
2928957673,bot
783819741127446528,bot
924253994364567552,bot
772264497453170688,bot
774782471703494656,bot
1023609035596197888,bot
1025099846171017216,bot
2963664205,bot
708848745367085056,bot
781941661848875008,bot
713868637430386688,bot
955523229875081221,bot
941913881437290497,bot
1017524564698566656,bot
983833196092674048,bot
966460140424712199,bot
886439353450364930,bot
4886794823,bot
818580820797497345,bot
1447948944,bot
1019024168984219649,bot
787405734442958848,bot
1018985936988885000,bot
1020970182582460418,bot
1016821510751772672,bot
981910124536172545,bot
1021686556472565762,bot
862811732191965185,bot
922501717823954945,bot
1019347302207586304,bot
1021082022771658753,bot
984794988964917249,bot
910132058709725184,bot
968442791994019841,bot
3254282218,bot
1014146545640300544,bot
903770442573512704,bot
1010309972918349824,bot
848131286526959617,bot
991088619774504960,bot
731842769724026885,bot
1012531485096591361,bot
926657935794634752,bot
1004526221429039110,bot
862415838359441409,bot
737053872007434240,bot
306238322,bot
836240683811778560,bot
961966497039077376,bot
837683262864637952,bot
837053322616008713,bot
998140589420888064,bot
1010932644765454337,bot
732388048659349504,bot
914959961414873090,bot
1004765905228845058,bot
1011253362929651712,bot
2221811233,bot
1008941459834204161,bot
888215592611794945,bot
1005667025862049792,bot
775870976441589760,bot
1007691669842677760,bot
717519847928803328,bot
4331829388,bot
4638992359,bot
2231129701,bot
971203153269018624,bot
969398693249126400,bot
993674729830612992,bot
981755559195086848,bot
912631752853770240,bot
996399422601916418,bot
996440034290094081,bot
1004613106796859392,bot
1002343960147300352,bot
913903898854871041,bot
897420104933277696,bot
912320765567148032,bot
904370874492518401,bot
901140630990196738,bot
998179899285352448,bot
998703686086881283,bot
922095066,bot
823346733367193600,bot
992820451524075520,bot
718569185194868736,bot
987576114011885570,bot
4891902315,bot
3238422218,bot
732671482812370944,bot
776560781198405632,bot
824443952983977984,bot
725896100528295936,bot
849066759047000065,bot
992461966378708992,bot
831578789654192129,bot
2402022649,bot
802014959106400256,bot
4217071294,bot
992629592232837120,bot
770811917535510532,bot
736041231793295361,bot
4894033613,bot
989558064834580481,bot
885441394973835264,bot
828743942380384256,bot
4518999021,bot
3231781692,bot
3317501195,bot
990623965,bot
989135184,bot
876083796411650049,bot
881272940184178696,bot
980236476695961601,bot
873103406008745984,bot
957420619494240257,bot
2433869952,bot
909995616109023233,bot
964169855300718593,bot
926650951129292800,bot
970509550909566976,bot
846833319123791873,bot
841004655563927553,bot
839605704528920576,bot
834162521699393537,bot
832336939596578819,bot
809011227909353475,bot
802579489058332672,bot
799758526100819969,bot
798485343162998784,bot
794312623932264453,bot
793930743667908613,bot
979056531508482048,bot
784162498228457473,bot
881278603257937920,bot
969284050178453506,bot
770391941506891776,bot
4874838393,bot
813103403358265344,bot
963881800283107328,bot
798042945374949376,bot
978056573284175872,bot
982793656452071425,bot
297806001,bot
979332714779291650,bot
982660255489429504,bot
935758766066331648,bot
2521612514,bot
946236238608130048,bot
975628593568022528,bot
980223140574806017,bot
976496018895310848,bot
978879850856505345,bot
977195233610956800,bot
973647568398962688,bot
865796799172407296,bot
854803551247269888,bot
903742553010339841,bot
903140108177735680,bot
905443664935231488,bot
4536190039,bot
4742568924,bot
3312196192,bot
917093133879578624,bot
964842572605743107,bot
960538579993878529,bot
883696210200190976,bot
964559013991059458,bot
969125020269268992,bot
958090218921279488,bot
968152918229770240,bot
968220410797023233,bot
962614275343900673,bot
970592745415938048,bot
897666750640029697,bot
962139968662573056,bot
967502824333393920,bot
954379005188296704,bot
876135649727873024,bot
952035808063688709,bot
946205176867803136,bot
957391562043895808,bot
936679824017440768,bot
949036672741793793,bot
867295236904464384,bot
923966671827755008,bot
892636269641175040,bot
798291670475231232,bot
782264299238617088,bot
3041716769,bot
785939475775893504,bot
3249072386,bot
2870426806,bot
3299372399,bot
763724066419249152,bot
761665579115810816,bot
3882352332,bot
895426242345873408,bot
2778190296,bot
3176656468,bot
873758396452753409,bot
873758018550218752,bot
3280203050,bot
873611080639160320,bot
1249693405,bot
3369559252,bot
3892750959,bot
3783512423,bot
786988812312449024,bot
824365984265945098,bot
3237862444,bot
829095470873997317,bot
848869231382978560,bot
807562414380249088,bot
808592198170243072,bot
804620920119771136,bot
2831214083,bot
852571359108624385,bot
822542798486466561,bot
3015093437,bot
4450509553,bot
2800569835,bot
3302891944,bot
3286544840,bot
888416710881103873,bot
806442253585498112,bot
2513859613,bot
931192872283590656,bot
4810350176,bot
868253384977121281,bot
2821123457,bot
795588015427125248,bot
4438807636,bot
88741673,bot
563838090,bot
4175004913,bot
4594744821,bot
4196237301,bot
3020652335,bot
883079678906572806,bot
3609624197,bot
2431008924,bot
2339779142,bot
3575042897,bot
859938636271321088,bot
2782796420,bot
2363777570,bot
919407758134448128,bot
897157404760125444,bot
2590168531,bot
863159091681792000,bot
820137588430372866,bot
3747663856,bot
714293558115586048,bot
879773234199224321,bot
802292461754138624,bot
925788895295492096,bot
2782795854,bot
809735730888982531,bot
2290204512,bot
4739316433,bot
2878888502,bot
838385078044672001,bot
735640767750930433,bot
826653423076470785,bot
810665807642587140,bot
808571456237936640,bot
3906144072,bot
4733801655,bot
3287381226,bot
3304794002,bot
2812070407,bot
901945930890395648,bot
907841910852681728,bot
2635257950,bot
718832664300625921,bot
3337061638,bot
811226108133834752,bot
4180417402,bot
809090202371325952,bot
3130589637,bot
3376432899,bot
2871186250,bot
880411519221104640,bot
715601141749387264,bot
851714375052398592,bot
2990633947,bot
875778680563400704,bot
735185696030359557,bot
2148047569,bot
805427276628295681,bot
934575930277748736,bot
836897939461144577,bot
908692479431421953,bot
2907774137,bot
814709364665843717,bot
4588875447,bot
3905389063,bot
3922351113,bot
747051374404206592,bot
879035984758919171,bot
940014388970373120,bot
881194824346607616,bot
878681247643561988,bot
859012626487009280,bot
732691852319698945,bot
738330734310522880,bot
3983629163,bot
841604595096965120,bot
815575797461295108,bot
843891310444593153,bot
869420811068649472,bot
3165863036,bot
19863141,bot
3187370910,bot
3327104705,bot
724804317748797440,bot
708102355477069824,bot
3342186154,bot
772202703212703744,bot
878827007433375744,bot
3045203078,bot
922707045119279104,bot
858057559839830016,bot
800121246750883842,bot
911171572626534400,bot
786284811212075010,bot
4867178585,bot
4139038819,bot
719279888054816768,bot
244714086,bot
4452810929,bot
4010618585,bot
3305536529,bot
873057024740777985,bot
746764686000033792,bot
709841608733237248,bot
3299611091,bot
1616046954,bot
888953536666411009,bot
3774669559,bot
765071132093403137,bot
703135557707149316,bot
773015340636708864,bot
1965044298,bot
761310873088581633,bot
823217342,bot
839510308368547840,bot
793718418759299072,bot
3317221923,bot
705785693155495937,bot
935932808815697922,bot
867112375408889856,bot
730272558952538112,bot
2566358196,bot
4204895289,bot
2216213125,bot
3730020912,bot
3227013130,bot
799247194121502720,bot
708394182595883008,bot
749664459321466880,bot
4040207472,bot
3378113121,bot
3357708868,bot
918609526357499905,bot
774694926135222272,bot
3226543356,bot
889229094273126400,bot
4189915529,bot
2536621626,bot
2292415658,bot
938543009167216641,bot
3291286474,bot
881688089164259328,bot
708252658642120704,bot
737840777963917312,bot
4122247827,bot
883418382988718082,bot
878067171653562369,bot
903621498375733248,bot
2668592653,bot
3885696215,bot
878028362589118464,bot
3300364029,bot
706568743472619520,bot
3143230134,bot
923366953007435782,bot
883335166202130433,bot
4418748136,bot
921692600544972800,bot
4092326421,bot
863270435760160769,bot
4406413835,bot
908035119293886464,bot
3301779988,bot
845125396714610690,bot
822867823517200386,bot
3765991992,bot
878678015349329921,bot
898575243308015618,bot
4041359188,bot
4371859758,bot
3836777681,bot
2327639124,bot
742447712105336832,bot
763099930487615488,bot
917159386015043584,bot
3748550069,bot
4185208692,bot
832633493427326976,bot
868614565604376576,bot
915284281311875074,bot
892140208476606464,bot
417105600,bot
709095415401021440,bot
902228795075284992,bot
2414191657,bot
3300777107,bot
3818713218,bot
4350824652,bot
3901064081,bot
3219645732,bot
2540754536,bot
2822800486,bot
868946203421138945,bot
723846764969791488,bot
878768990167945218,bot
860246681320923137,bot
2216299843,bot
781568006451105792,bot
3052317647,bot
793595267870289920,bot
805673251837882369,bot
4889216037,bot
2558895162,bot
3352995195,bot
3976196781,bot
4706049494,bot
3041192247,bot
852039978569801729,bot
705215650986332162,bot
2976541239,bot
896423746617135105,bot
884041170351001601,bot
731498500773543936,bot
708938088018481152,bot
745349445471047680,bot
4208245037,bot
912104726770049025,bot
748917167006113792,bot
2486522684,bot
897126449307627521,bot
896898553985064961,bot
849771126893019136,bot
940176812692340736,bot
889859060048252928,bot
908900120934133761,bot
4919025952,bot
20959226,bot
830638884,bot
890575495368232960,bot
854666940375339008,bot
701470099090358276,bot
4584564195,bot
4590610654,bot
883314307492130817,bot
932610451283890177,bot
4425828741,bot
2607163646,bot
821098759073497089,bot
714131965318828032,bot
772315241212325888,bot
746015690507837441,bot
1162875732,bot
828309732574298113,bot
4798922670,bot
880076428603252737,bot
702210829966516225,bot
3254373616,bot
4809840647,bot
822425915548372993,bot
879263611100815360,bot
708759570319953920,bot
824087954863685632,bot
3772896857,bot
3016208044,bot
4190852728,bot
882762258157371392,bot
817082622824169472,bot
720558462959267841,bot
779880044420300800,bot
4825633672,bot
805362305777053698,bot
705120073032269824,bot
1912617043,bot
2784894884,bot
3293810833,bot
794513135243759617,bot
896850130275532800,bot
3091637939,bot
925409091115147264,bot
4293630612,bot
2431021303,bot
873756899048431616,bot
4871943514,bot
4765089989,bot
717833223066238977,bot
714541415942987776,bot
3769438815,bot
3369547257,bot
3957192304,bot
864532106336235521,bot
911664210614083584,bot
2579497028,bot
4745869775,bot
3245226532,bot
779417371282776064,bot
876627031030738944,bot
4097400133,bot
896063275921793024,bot
724677428669472769,bot
4187564112,bot
831720146091716608,bot
4002930083,bot
708794198099693568,bot
757804429357613056,bot
54619276,human
948891169,human
26042984,human
8283682,human
311062620,human
138737516,human
34875946,human
110535179,human
221922759,human
262940385,human
48814927,human
29247540,human
319785911,human
426353995,human
355418225,human
61603529,human
351076863,human
17680365,human
34371118,human
34051652,human
439928778,human
23645988,human
1158306108,human
16016705,human
54322823,human
1647573157,human
18771176,human
229219088,human
853669477,human
90472293,human
351130417,human
26554371,human
21826264,human
2294692417,human
25613591,human
19414861,human
15607337,human
588694711,human
66483027,human
37718165,human
32137995,human
1684237219,human
312195939,human
7618952,human
69436408,human
149013351,human
163489608,human
576348125,human
153559294,human
17468528,human
188105676,human
3146156240,human
17499936,human
427652956,human
859787192448712704,human
172511244,human
870447381006868480,human
349817494,human
101017453,human
48988950,human
2965787734,human
14745059,human
17721177,human
21636761,human
1671848557,human
35727881,human
16397938,human
436079352,human
41116847,human
61915131,human
596377986,human
255304260,human
27337548,human
18444665,human
2159329092,human
284867973,human
221858588,human
2305639040,human
22095916,human
127537612,human
3294572733,human
130945778,human
469357880,human
488717668,human
119440018,human
174145542,human
24767630,human
121631678,human
21187354,human
43652285,human
613088225,human
25284667,human
14816238,human
103073080,human
20550560,human
172788180,human
17028405,human
47423414,human
125215990,human
1686873912,human
1952721812,human
39916070,human
109685703,human
70600365,human
9083222,human
2975496784,human
20771519,human
248491362,human
14573745,human
1079997618,human
1039015705,human
58065825,human
64526215,human
34859699,human
981566796011622401,human
45004823,human
34396691,human
15940833,human
20136892,human
16734909,human
128558424,human
17312175,human
92996555,human
419083835,human
28602948,human
863733457,human
307690179,human
194636292,human
17503591,human
81062326,human
1157734974,human
17464261,human
30887511,human
25217702,human
139847909,human
19360351,human
15729207,human
242836537,human
168502762,human
1007427595,human
76918775,human
18699026,human
223868478,human
31516515,human
299790272,human
342716046,human
17310646,human
177641630,human
21865402,human
21822169,human
41098406,human
240678841,human
68271578,human
180841517,human
278069320,human
1037039454,human
27139045,human
219520823,human
44785664,human
61802282,human
16254381,human
223179929,human
107078762,human
1106501,human
3793960033,human
960706196,human
322132469,human
15146659,human
588587397,human
151117498,human
42432103,human
16534576,human
5780882,human
359997427,human
624936294,human
111220552,human
728020310964895744,human
17793087,human
16264842,human
34828272,human
21322255,human
18202632,human
15685406,human
104340042,human
15019344,human
720265901115711489,human
18958504,human
46034836,human
1561900206,human
309512562,human
15792514,human
2156167098,human
69475887,human
444205853,human
26380564,human
7740622,human
25527618,human
257126765,human
257087249,human
73990210,human
91271818,human
16374713,human
15145111,human
570436252,human
33903787,human
573008688,human
240641671,human
15335123,human
2616215901,human
10089542,human
45143254,human
22416023,human
68219213,human
15566123,human
2357677057,human
139805236,human
33234730,human
24776235,human
835857204,human
10717092,human
21684595,human
47753447,human
15525272,human
18450562,human
255370956,human
19416422,human
3847188633,human
242385901,human
1565041,human
222436278,human
811239440916054016,human
1143081932,human
107560072,human
2581857086,human
109579534,human
8720562,human
34233655,human
16223529,human
87766795,human
93943974,human
5990782,human
251918778,human
19865053,human
37531173,human
20253808,human
58544943,human
22382110,human
6351572,human
292633122,human
15661871,human
17877451,human
20121682,human
24889586,human
114557557,human
258481206,human
144995994,human
66652131,human
471514127,human
16458033,human
26534759,human
595299864,human
21246105,human
384471964,human
16463397,human
29738618,human
759948366,human
14538033,human
55851119,human
25180501,human
17449843,human
48737907,human
974708869,human
167704836,human
190905427,human
15300300,human
207799847,human
14792516,human
4019522178,human
191324405,human
52661430,human
149784821,human
171644812,human
17447246,human
423036151,human
15518537,human
21719375,human
573570993,human
227838448,human
15013405,human
3188558830,human
918169628,human
66933315,human
31464977,human
157793204,human
756123897783808000,human
93654953,human
2856781575,human
52173465,human
454645641,human
62347129,human
4348671,human
586,human
7654892,human
89979225,human
284626595,human
179588796,human
357837002,human
364534328,human
1289327088,human
23200391,human
42946380,human
618674871,human
26744624,human
426796052,human
14137737,human
196168350,human
860340144146141184,human
49586895,human
33916007,human
2153560873,human
2903979971,human
14600977,human
781725127,human
34367582,human
858498920,human
1485304172,human
111556423,human
34764540,human
19879256,human
18862246,human
758179242,human
18532867,human
58038523,human
14173930,human
16668573,human
112447717,human
45919773,human
18813143,human
704881669,human
255710216,human
1483464164,human
96205284,human
45192838,human
423154166,human
24630350,human
24062457,human
197224469,human
128534762,human
76743356,human
22549433,human
24848784,human
270090222,human
742846011932975104,human
259581901,human
21714938,human
1142711,human
17079694,human
344792152,human
112780173,human
16713013,human
1113202375,human
470368043,human
156342363,human
14458643,human
1934388686,human
125152418,human
15589386,human
225099584,human
1948293908,human
14066024,human
1119834276,human
35761681,human
2444454050,human
17793165,human
34400375,human
466721952,human
587579290,human
16299627,human
884578187392544769,human
720680905,human
192824559,human
461177967,human
18713314,human
19160434,human
769662515957501952,human
186655721,human
2243057712,human
22651270,human
3320478908,human
78385842,human
18025035,human
30188594,human
6819732,human
49272248,human
76235237,human
123585060,human
153086554,human
9594052,human
179810978,human
134918286,human
14266598,human
219104648,human
16745361,human
17159397,human
46015498,human
7370332,human
37932056,human
254873869,human
171480365,human
18351153,human
50863281,human
412518234,human
3039781324,human
1286710945,human
544716371,human
821782476515409920,human
36391088,human
531416329,human
781051028,human
117214547,human
18339274,human
14688144,human
140144781,human
221800898,human
147662527,human
1296774144,human
227373977,human
92242395,human
129774151,human
1132012321,human
78492615,human
188668717,human
14326420,human
302971361,human
27827813,human
241137695,human
24647812,human
2216623610,human
206921267,human
26149716,human
22505100,human
35916009,human
77968947,human
1130070541,human
15854702,human
321091935,human
245511321,human
325141447,human
89831415,human
188006317,human
41404784,human
18004009,human
31058145,human
26189696,human
652193,human
21771720,human
1010155094,human
376949684,human
84769987,human
1382791,human
16213403,human
25069385,human
5360012,human
23037867,human
19750789,human
44498699,human
962213876,human
90435637,human
76462131,human
21269694,human
33198720,human
169635024,human
180152984,human
40713876,human
237391563,human
41444712,human
22474812,human
27459374,human
15229557,human
194364678,human
18169582,human
162705721,human
15365401,human
40933275,human
77524749,human
257599952,human
18391051,human
115793956,human
49773236,human
547097112,human
23397958,human
845601138,human
8539242,human
19799261,human
17807970,human
8940342,human
15099295,human
19867571,human
898218643888197632,human
63077245,human
388627030,human
234186830,human
20243744,human
20280088,human
175330919,human
517995029,human
17758878,human
191049947,human
19049066,human
20330929,human
2590835076,human
21918787,human
21122578,human
375721095,human
71546514,human
11783502,human
2053051,human
41643124,human
398786662,human
43194865,human
12133382,human
192248791,human
1004804740105035777,human
283830242,human
114505454,human
705091592,human
163950604,human
129426727,human
27987687,human
107773039,human
16060054,human
14787085,human
14266196,human
12522,human
23497646,human
23318036,human
15975951,human
234857514,human
23530242,human
14677751,human
149099047,human
19123229,human
7857542,human
56746540,human
626533732,human
84816227,human
25141843,human
85485674,human
1639200440,human
240028072,human
3333055535,human
378631423,human
1073676020,human
2187251150,human
43170475,human
20215316,human
15461608,human
18179659,human
368050288,human
4899991,human
138141150,human
235747629,human
2554854913,human
889884434937200640,human
42472602,human
47475039,human
1072728805,human
39578447,human
15816595,human
33051317,human
1797991,human
185684899,human
394417223,human
255706796,human
38184280,human
53082555,human
20284575,human
17623512,human
17465286,human
21890177,human
498459134,human
145082202,human
2962370063,human
83993450,human
19396431,human
299917756,human
7786612,human
210957036,human
20627332,human
11810892,human
24236120,human
38270283,human
257824868,human
22792780,human
450611187,human
33964620,human
236132475,human
27078238,human
239575120,human
11651202,human
2257140654,human
38868694,human
151192336,human
882224900303409153,human
18638557,human
20456357,human
324570399,human
64826699,human
22021524,human
22059385,human
16006592,human
94141566,human
47318291,human
986390774,human
347419000,human
77926504,human
19453983,human
6892002,human
884982996,human
21419070,human
28713695,human
963047082,human
14346303,human
14232465,human
294756257,human
16550142,human
939622147,human
70740986,human
23033882,human
518568504,human
46260557,human
16659947,human
32545745,human
15950025,human
105275111,human
1731454231,human
191477653,human
36420369,human
51858290,human
43280157,human
932214169335627776,human
15358566,human
436100252,human
12403082,human
515822213,human
386135734,human
14221588,human
89553469,human
60693203,human
43214455,human
67415806,human
30051588,human
17760013,human
117341231,human
196540711,human
299156589,human
707059891,human
2724095695,human
880018682,human
17816420,human
48434251,human
24550000,human
226663569,human
3281098886,human
421163127,human
2592634077,human
289963138,human
193732179,human
171403133,human
14408705,human
24907451,human
28725171,human
2823218440,human
385447668,human
17282363,human
19134601,human
101214835,human
26188018,human
258338711,human
30821400,human
19511752,human
661163,human
161315681,human
36359192,human
16191760,human
2968140424,human
396088571,human
218195620,human
192935052,human
60506242,human
15549482,human
61516240,human
23515941,human
292968229,human
46949238,human
111635980,human
141341662,human
253536139,human
54635428,human
56471377,human
1053236226,human
13691782,human
578278321,human
17824099,human
29336407,human
21226678,human
153181367,human
423146699,human
34546946,human
14245253,human
176184325,human
31928507,human
1195054567,human
192589318,human
791243051813462016,human
15950054,human
362746034,human
252858879,human
21736838,human
3004231,human
21704949,human
16563015,human
742739906921963520,human
577060612,human
2544198971,human
900602521,human
208748836,human
957710354,human
422049167,human
1167948968,human
368472546,human
75364211,human
223354589,human
1684234034,human
308526298,human
594175899,human
17214825,human
1683907286,human
92889936,human
361569788,human
1708118976,human
291712805,human
22069471,human
25333609,human
33640905,human
3000261466,human
293786612,human
410113411,human
25088746,human
14722589,human
16012783,human
713104410,human
2797166390,human
3108351,human
1321785925,human
16187851,human
1542238148,human
20078986,human
930336259,human
115569519,human
89584852,human
15794496,human
102625402,human
274233761,human
912759481766957057,human
69416504,human
2551048190,human
30409200,human
346400805,human
21316253,human
34025138,human
14140714,human
17196807,human
56359325,human
22301031,human
30970382,human
25178222,human
41379801,human
222622640,human
18674588,human
15957506,human
4227017272,human
204075017,human
310597303,human
561441123,human
259341329,human
7091082,human
5778272,human
90456908,human
913664130,human
129960904,human
234798573,human
93637779,human
1001296272932864000,human
25649727,human
2830980198,human
143162009,human
12765522,human
17062358,human
15931663,human
3010869025,human
196337898,human
2423845160,human
973005421,human
289516877,human
253142796,human
23818581,human
824157,human
16474698,human
101043870,human
14858160,human
44704537,human
33608041,human
267860607,human
16364632,human
106481695,human
35575567,human
544927764,human
28354217,human
90676132,human
5966412,human
20086363,human
245031486,human
318682832,human
139186916,human
27564314,human
372729333,human
3121925308,human
1498648226,human
305189934,human
206468860,human
36129908,human
1965489247,human
40168326,human
15122826,human
1392282998,human
315331161,human
16012601,human
10726392,human
1471232930,human
36968571,human
33290097,human
855263756,human
612834596,human
14095626,human
154909422,human
37692594,human
19586517,human
19108766,human
15787371,human
19891596,human
19659605,human
80804103,human
37738073,human
17452463,human
54038828,human
35415506,human
130428321,human
57409991,human
92310823,human
168848966,human
107433523,human
15637319,human
14775998,human
17034631,human
147899730,human
18689780,human
17027378,human
15245652,human
14265924,human
16242277,human
2194124415,human
11442512,human
2380961067,human
25446267,human
24598070,human
246300125,human
15575800,human
623040697,human
80890381,human
370982639,human
174754159,human
16145763,human
233933608,human
494271814,human
212129844,human
81083096,human
16810171,human
202242689,human
22599438,human
16910232,human
16075573,human
52029429,human
28279637,human
423804754,human
1155572084,human
15327996,human
125325790,human
15824288,human
42782322,human
303940211,human
5972752,human
52755452,human
17325823,human
76854624,human
156667887,human
754878569252265984,human
106228835,human
7350962,human
18005489,human
468499741,human
17884583,human
3871760723,human
110827653,human
2209742392,human
41370216,human
15522308,human
209725175,human
21701757,human
6797952,human
17235003,human
14925956,human
24352352,human
21523363,human
2174616960,human
119000092,human
14517538,human
15922214,human
2575205850,human
455102100,human
22451908,human
565593851,human
14526644,human
389762109,human
1881534805,human
45422815,human
2253968388,human
15676578,human
236143056,human
1396151678,human
2977573516,human
46609085,human
15850297,human
2922928743,human
44457722,human
42923085,human
1952084330,human
37018002,human
163633469,human
1283319206,human
2767227699,human
1584014898,human
20487403,human
2833303375,human
222185665,human
16037600,human
199723335,human
28123862,human
1425748765,human
76403984,human
1101626341,human
18588815,human
272633657,human
319916258,human
2833658343,human
36047098,human
273853888,human
43654274,human
350961525,human
24036264,human
45869342,human
35941034,human
14762108,human
54730258,human
69605342,human
17781955,human
216799530,human
191633906,human
838511418,human
134160119,human
29229561,human
17845781,human
17031374,human
33912889,human
208246140,human
313821005,human
14123689,human
111721601,human
4116008413,human
30714308,human
343041182,human
128506014,human
213798858,human
111829844,human
31139434,human
23773209,human
22109106,human
426116125,human
19209801,human
43407467,human
54301390,human
318502332,human
14499468,human
304112893,human
3335040713,human
431969214,human
18880069,human
18224555,human
958372028,human
30224284,human
59502660,human
911780719,human
224810490,human
1643500784,human
588889517,human
94272056,human
24745957,human
56627441,human
2333577397,human
100683883,human
78986763,human
965091,human
2476048160,human
71622548,human
543941240,human
16987359,human
60843563,human
15369355,human
360714671,human
83788240,human
14836655,human
46241234,human
16249259,human
106463784,human
1029994225,human
137511672,human
19960900,human
738080573365702657,human
18013014,human
21146733,human
19050000,human
10162772,human
599001082,human
444908341,human
416418985,human
261900273,human
356929299,human
14701062,human
1498656096,human
19789372,human
317893401,human
23330998,human
14286806,human
176909855,human
219540733,human
70359496,human
534881613,human
242179803,human
262717598,human
30182005,human
14770470,human
1491965726,human
44771048,human
23588075,human
3262917734,human
1528307430,human
3148787797,human
66754444,human
43313304,human
570576883,human
19428464,human
2843685004,human
14375047,human
11738772,human
126051146,human
294707685,human
195681218,human
172485263,human
15397002,human
174110843,human
929823128259387392,human
20015311,human
17051264,human
15099007,human
23676149,human
340644602,human
242426145,human
28215139,human
20578408,human
550373091,human
69406354,human
2768807890,human
36978467,human
27822149,human
90589357,human
125862659,human
18517380,human
2384118506,human
710300755,human
2789056809,human
15432119,human
84816752,human
84393244,human
16986563,human
23403321,human
56699180,human
22496967,human
50916567,human
59917627,human
7436592,human
97555792,human
2924642426,human
26406958,human
36704352,human
27841030,human
18193849,human
544275098,human
31098240,human
505632711,human
25161054,human
130967186,human
31669847,human
1200019921,human
158502985,human
713273353,human
44356651,human
97710470,human
812135885328236551,human
20540348,human
556763518,human
226891781,human
27251924,human
56818774,human
2984872862,human
119023613,human
520547057,human
260548362,human
59526518,human
2339601,human
221859928,human
3141213592,human
246972341,human
16123423,human
592844349,human
176976565,human
1195567058,human
34175917,human
21829541,human
605165417,human
17893595,human
48534088,human
164649491,human
158426909,human
14354562,human
14676527,human
24436926,human
15641532,human
67683358,human
545098583,human
289394430,human
82689705,human
15610400,human
309315112,human
175174859,human
74753587,human
235159978,human
1089695454,human
14957147,human
16752675,human
27233671,human
304717600,human
29481992,human
11333922,human
38513145,human
19608199,human
41262945,human
102669423,human
13475802,human
1198481,human
407101742,human
18224612,human
50778320,human
23908154,human
1686543937,human
299751154,human
2981962858,human
53496184,human
390753374,human
558381779,human
994705358,human
233066753,human
196697157,human
46501363,human
361135478,human
45895089,human
20026504,human
134163734,human
89947367,human
28182253,human
28796038,human
381152398,human
977992638,human
36303802,human
589244564,human
46116415,human
518602986,human
2270215064,human
30875418,human
31779156,human
58265740,human
86683904,human
71361799,human
51240839,human
247142787,human
50718079,human
726960710,human
17773946,human
92443366,human
172482310,human
17161138,human
212005789,human
480196886,human
135886633,human
46960191,human
25545388,human
15498757,human
20341657,human
3586271,human
123179325,human
122193273,human
69121742,human
30471414,human
749963,human
282647169,human
498863526,human
44872052,human
59885434,human
141341863,human
177737258,human
257223459,human
541511214,human
587673904,human
32643650,human
58868322,human
121574840,human
14276135,human
603025587,human
66804351,human
21215254,human
329768150,human
27883652,human
15958732,human
16888571,human
14998938,human
52047494,human
28713373,human
20453211,human
757664948,human
1058246118,human
262325462,human
78899748,human
463446783,human
123692265,human
20686232,human
116565019,human
35279836,human
20926531,human
26572460,human
15999465,human
15370019,human
10717022,human
275572129,human
27877866,human
205376780,human
267719395,human
79569980,human
164493276,human
23450421,human
1884338521,human
217158910,human
78694788,human
4821831796,human
249003111,human
23335967,human
14221950,human
114773910,human
2801192631,human
14856951,human
1332272064,human
17635904,human
16185450,human
526630929,human
23696533,human
166678090,human
16527219,human
2545034534,human
258166437,human
202627333,human
614722543,human
377419742,human
20088350,human
394825507,human
63799454,human
97747246,human
1702535654,human
16195182,human
1107178933,human
329850172,human
46527860,human
196299243,human
130274805,human
198781614,human
38536646,human
19654634,human
159643888,human
18840710,human
2670759914,human
42944430,human
28601605,human
472540675,human
307150216,human
472587261,human
16490790,human
298031144,human
15781769,human
35281085,human
789959876,human
476390447,human
2287328803,human
257636542,human
575388640,human
717100525,human
7274772,human
72944832,human
22737226,human
14357283,human
987961472,human
817542625,human
22677427,human
22790104,human
34387610,human
57164144,human
27867682,human
15792153,human
20288618,human
631475517,human
24751910,human
17611773,human
242666205,human
14365873,human
314553133,human
3250521481,human
25516222,human
20926233,human
19445695,human
151183091,human
352547168,human
407440890,human
21525579,human
3459051,human
21621886,human
120221985,human
20945155,human
17047744,human
43458175,human
182161659,human
39000115,human
18633689,human
48424266,human
883274156,human
44707441,human
145845367,human
15971805,human
90399509,human
14803430,human
33777803,human
721127537674489856,human
573788425,human
123434827,human
2250948913,human
12284932,human
459427913,human
73439531,human
210876407,human
718869104556281856,human
27583042,human
118719917,human
46059944,human
80893289,human
14321981,human
305945091,human
211218767,human
261232011,human
256162494,human
28185163,human
24852012,human
114121962,human
233985354,human
1149480530,human
43996908,human
438799429,human
1400973342,human
70544000,human
24170193,human
1727785579,human
14885540,human
6487292,human
322029112,human
18820399,human
267967624,human
171287153,human
17768924,human
524733591,human
20278154,human
578650970,human
223509017,human
14079471,human
21169078,human
19430999,human
17262487,human
2224079705,human
102107018,human
179083873,human
96461789,human
159216777,human
109047474,human
32711332,human
360866586,human
920104904,human
919952370678812674,human
813402,human
183756527,human
242098934,human
165153530,human
243629377,human
49421426,human
74508260,human
543853470,human
112593696,human
128870883,human
14849240,human
20545040,human
431308861,human
235312723,human
131250818,human
223981354,human
35553764,human
1687283088,human
39619442,human
148217505,human
351260120,human
878212968923766784,human
8624752,human
18089641,human
34613951,human
82945525,human
14269446,human
30902514,human
38867536,human
110798856,human
89604232,human
1945724101,human
20509044,human
49670748,human
242759237,human
143430896,human
15682352,human
193794406,human
2853309155,human
5448502,human
14980820,human
15387664,human
1006232250,human
20100147,human
178372193,human
66672175,human
64380665,human
73650128,human
791788106,human
7824172,human
36937588,human
742735530287304704,human
12455302,human
34793170,human
22219541,human
4077671,human
11178672,human
47509268,human
121478572,human
20611469,human
610320045,human
25981578,human
26695904,human
50522278,human
20571531,human
91583544,human
4569690923,human
166024333,human
207662296,human
849578563,human
26876793,human
65497475,human
768632,human
83483361,human
84619620,human
11254852,human
436826287,human
29580450,human
715669667356880896,human
130781387,human
14934109,human
2207592050,human
16247719,human
16535125,human
15862680,human
23837831,human
43467353,human
275315776,human
1009493154,human
23431221,human
449290480,human
22903724,human
48485996,human
1640603341,human
160175660,human
295731821,human
25896607,human
1286161147,human
18461401,human
1636326834,human
11856032,human
14667411,human
225265639,human
17688714,human
407013776,human
4468081633,human
17197344,human
803061715,human
1486473206,human
16376937,human
1240034964,human
25557388,human
449366323,human
18036062,human
281236170,human
15530198,human
1238357485,human
22678797,human
140560637,human
914560130,human
14565991,human
26006398,human
1428034788,human
22346318,human
16539053,human
35680393,human
49950808,human
115393565,human
47348140,human
247476364,human
302083519,human
255527829,human
33573444,human
1075038894,human
5690002,human
20775769,human
22127526,human
140417519,human
951900990,human
45511031,human
588551732,human
29770862,human
35115058,human
17871030,human
322772286,human
18319313,human
11268812,human
458234232,human
626452321,human
15220768,human
278175882,human
22651121,human
183749334,human
155613846,human
30114946,human
116640323,human
191074329,human
1632710958,human
19786122,human
272762210,human
15771003,human
22652566,human
15451591,human
2968007206,human
52136185,human
27087640,human
27530178,human
262271317,human
41169223,human
38055292,human
183378744,human
612473,human
3431941156,human
14382779,human
416786529,human
544304020,human
51770633,human
21352349,human
229636313,human
34011331,human
77487918,human
119235720,human
458717914,human
1512366384,human
24921197,human
19553409,human
16809556,human
116764836,human
284111222,human
22151966,human
256353739,human
98464595,human
582386994,human
16456004,human
275828417,human
274606076,human
16825083,human
79173358,human
70194148,human
43581352,human
151106990,human
188803750,human
1711475467,human
327684727,human
321799506,human
60496760,human
771388593130483712,human
31583882,human
2286056016,human
89721585,human
49538700,human
2205567079,human
460655639,human
145240393,human
145741832,human
185270017,human
74991475,human
1900069152,human
19921215,human
767892066,human
65381936,human
2840527584,human
171657902,human
538374325,human
227545922,human
22080935,human
44473103,human
473665415,human
41408233,human
20168054,human
185506731,human
127907048,human
2437164474,human
166168978,human
21301933,human
19165963,human
169413838,human
81857654,human
14996609,human
13594462,human
19208535,human
21082047,human
518170154,human
70339630,human
185408277,human
44438256,human
2764864491,human
87313704,human
126134013,human
260814309,human
198381553,human
3403047461,human
14892330,human
192993369,human
21927348,human
20032587,human
47311830,human
47812430,human
14602051,human
30980844,human
349777789,human
17668340,human
20083388,human
20336988,human
274925909,human
216889727,human
658353,human
61306578,human
1141039176,human
25531164,human
60718655,human
14305753,human
17509945,human
2768501,human
53832621,human
43081691,human
242883110,human
49729058,human
27013292,human
318535212,human
516735853,human
207560742,human
387027891,human
15669888,human
574684578,human
20716349,human
529250880,human
270315611,human
20711495,human
32690471,human
32494537,human
250263881,human
22632037,human
54246440,human
27592116,human
14244162,human
31394354,human
299952256,human
15352439,human
1131217278,human
18009781,human
199443025,human
286654612,human
2303322370,human
178832906,human
19983463,human
22552228,human
754714,human
39407743,human
3840981,human
56132007,human
102558152,human
1887528152,human
37292495,human
247411057,human
41386278,human
14399917,human
6218752,human
77845268,human
331703548,human
55475057,human
49573859,human
17453548,human
52601279,human
25935803,human
512352048,human
16048357,human
27716044,human
1530459984,human
89788739,human
32494510,human
1198954656,human
209220102,human
76792854,human
352211941,human
15080288,human
2283960169,human
243318995,human
3982004534,human
15829574,human
17355423,human
129727090,human
22156672,human
23153664,human
119834114,human
3250029818,human
15253239,human
312506921,human
2613600829,human
21704138,human
1917826916,human
16804088,human
20572921,human
16753660,human
88806753,human
738020712,human
2425882104,human
14861641,human
1615516466,human
702208040,human
1202033305,human
19084210,human
17706519,human
19991186,human
19146778,human
901213862132932608,human
307434638,human
20195338,human
144552023,human
15935242,human
138443298,human
6235392,human
215394871,human
27439771,human
182695384,human
1377060878,human
23781227,human
24740039,human
16303106,human
1069811420,human
1092221005,human
282195067,human
82529146,human
131609541,human
149155812,human
36602488,human
21072250,human
34662162,human
353031969,human
17156000,human
155694788,human
201923339,human
385587235,human
262471147,human
442026896,human
19259102,human
15973881,human
420468181,human
250581747,human
20493166,human
819127464,human
20108080,human
9229732,human
135572710,human
1470250544,human
16908369,human
108309868,human
37825732,human
28902856,human
15329621,human
77032777,human
500000477,human
342213755,human
486864604,human
14642495,human
15887449,human
60919240,human
242595221,human
16564008,human
94139317,human
15828408,human
60379292,human
25190489,human
14815608,human
68498034,human
64757296,human
333884213,human
284067858,human
2960221,human
210232192,human
258900199,human
43078558,human
93121635,human
16228326,human
16639736,human
3239115411,human
1309143127,human
2772798101,human
580385556,human
69777601,human
165326839,human
7661842,human
79366215,human
22990674,human
14876017,human
21471357,human
34737729,human
101296422,human
4897803268,human
1471542956,human
93719349,human
15645093,human
11265832,human
18909919,human
35636049,human
789303014192402432,human
11700672,human
839596085660291072,human
222177693,human
326947824,human
27689907,human
142720807,human
3121865392,human
172851165,human
204995942,human
38913318,human
272548778,human
1849164720,human
17349381,human
266251183,human
351667869,human
57331275,human
1949906586,human
221236430,human
43822174,human
84100525,human
3249041383,human
43629631,human
75563288,human
338076065,human
88136400,human
25732408,human
554108359,human
288483638,human
143915733,human
16402111,human
16572109,human
33166794,human
293942732,human
19387798,human
1496971,human
17537467,human
14234858,human
22133515,human
103215322,human
36376606,human
1521208898,human
246108164,human
65127962,human
245441097,human
15664858,human
14140617,human
20531221,human
473198596,human
26598302,human
95922614,human
91491046,human
17177145,human
198597799,human
1048784496,human
266212209,human
360811389,human
19409213,human
246302252,human
248113252,human
24431892,human
57359277,human
315779591,human
739602678,human
121224595,human
140187322,human
11251362,human
817133173,human
191915993,human
855720408,human
41747410,human
8557,human
21956433,human
602386334,human
33545545,human
20282776,human
15535860,human
204459963,human
90278796,human
1266209922,human
534840893,human
22565296,human
24432463,human
38708675,human
22803494,human
65141130,human
239529147,human
14941706,human
171722417,human
31353042,human
17918338,human
219084863,human
14463848,human
76652862,human
37979530,human
176468814,human
18213483,human
14934774,human
9715012,human
14096558,human
63073834,human
38724491,human
123641728,human
117858323,human
16966104,human
800447359050137601,human
47490022,human
376795126,human
340613443,human
19844311,human
133832049,human
41584448,human
361504553,human
18672140,human
436925910,human