1000828816405737472,bot
1001667553,bot
1001911960605155328,bot
1002526165775650817,bot
1003181334,bot
1004526221429039110,bot
1004694257725296641,bot
1005241624161652736,bot
1005667025862049792,bot
1006139802985459712,bot
1006982562605076480,bot
1007430182,bot
1009563233425022976,bot
1010489235630149632,bot
1010522757543669761,bot
1011574790044438529,bot
1012475880248143873,bot
101310094,bot
1013877380551774210,bot
1014146545640300544,bot
1014175274756395009,bot
1015013202839535616,bot
1015044369278164992,bot
1015867692,bot
1016951575,bot
101722294,bot
1019024168984219649,bot
1019291246,bot
1019803322642034689,bot
1020082968,bot
1020536840007319552,bot
1020857489569566720,bot
1021078428018020353,bot
1021393315416166400,bot
1022268421294252034,bot
1023609035596197888,bot
1023805133795278848,bot
1024775399736311808,bot
1024889843191619584,bot
1025165208,bot
1026069913,bot
1027173948285431808,bot
1027346622848671744,bot
1028578680187052032,bot
1028967802336464898,bot
1029820844,bot
1029902668964290560,bot
1030793713,bot
1032224757154951168,bot
1032628116160765952,bot
1033697430276108288,bot
1036426404,bot
1036749588709957633,bot
1038811495549886464,bot
103913784,bot
1039650096,bot
104028450,bot
1040956752580239360,bot
1041742778806480896,bot
104275981,bot
1042975011995312128,bot
1042993988,bot
1043354500768116736,bot
1043709528250966016,bot
1043868806194622464,bot
1045424510353182727,bot
1046169889138868225,bot
1048582915,bot
1048689142564118528,bot
1049904885892874240,bot
1050855471442214912,bot
1051506601088208896,bot
1051714132842606592,bot
1052440092525166592,bot
1053411987512872961,bot
1054110288767782912,bot
105510682,bot
1055223106674024449,bot
1055352707513348096,bot
1055454848877916166,bot
1055593280036069376,bot
1055876250227531776,bot
1055888083634274304,bot
1055891367996473346,bot
1055994488777138176,bot
1055999791136595968,bot
1056049613298315266,bot
1056171953021730817,bot
1056256603,bot
1056672179431952384,bot
1057594193487454208,bot
1058066315565559808,bot
1058588841089646592,bot
1058900075676647424,bot
105893043,bot
1059109423229124612,bot
1059730830,bot
1059940486817947648,bot
1060317244566237184,bot
1060455505683009536,bot
1060913826063937537,bot
1062505482,bot
1063545711877386240,bot
1063998383805931521,bot
1064289861782433792,bot
1064921405945466882,bot
1065015449417654272,bot
1066532292254932993,bot
106720740,bot
1070155320503296000,bot
1070485185311830016,bot
1071173410514972673,bot
107136284,bot
1071573781,bot
1071751006088765440,bot
1072055351673909248,bot
1072342620024815622,bot
1072534912303951873,bot
1074946707564191744,bot
107495715,bot
1075617792370581504,bot
1076328952237445120,bot
1076353034463133697,bot
1076586312184999938,bot
1079429091546316800,bot
1079786899642945536,bot
1081065530,bot
1081225697094455296,bot
1081270898659864581,bot
1083330945506308098,bot
1083574886071762944,bot
1084227842,bot
1085010463128195073,bot
1086311677,bot
1086496986180800512,bot
1086715134,bot
1088440638662680576,bot
1089220854,bot
1089606226047127552,bot
1089847455003365376,bot
1090069838,bot
1090465686,bot
1091169116,bot
1091799936767803392,bot
1093183092049760256,bot
1093485474918920192,bot
1093647241,bot
1094713876132872192,bot
109512694,bot
1095178667108425729,bot
1096083747512991744,bot
1096929184109264897,bot
1098267831555244032,bot
109863704,bot
1099457151863541761,bot
1099868900,bot
110045963,bot
1101849622073491456,bot
1102371487,bot
1102910439015370752,bot
1103129532,bot
1103439259296583680,bot
1103573989,bot
1105889910,bot
110602235,bot
1107168678057902080,bot
110742944,bot
11082432,bot
1109170530,bot
1109778441379950592,bot
1110281349284458496,bot
1110715495878217728,bot
1111377393405562881,bot
1112198245390925825,bot
1112749748,bot
1113425507624919040,bot
1114718776258367488,bot
1115351170711580672,bot
1115600198,bot
1116507977828175872,bot
1116864113450344449,bot
112070961,bot
1121079795058716679,bot
1121848663,bot
1122817333,bot
1123755936965976073,bot
1124204335905234944,bot
1124423522,bot
1125288607,bot
1125679272,bot
112882951,bot
113001997,bot
1130046320184446976,bot
1131097953001721856,bot
1132402733045100544,bot
1137823130720919554,bot
1138605620,bot
1140649312122286080,bot
1142234435863162882,bot
1142506515493990400,bot
1142633025882271744,bot
1142855844364783623,bot
1143784212,bot
1144549585,bot
1146864656054550528,bot
1148887920,bot
1149614611764637697,bot
1150295048,bot
1150778736,bot
1150810140947431425,bot
1150884029878734850,bot
1151441341861249024,bot
1151996611,bot
1155500124296097792,bot
1157840327782346752,bot
1159224866387746817,bot
116254985,bot
1162940086381633536,bot
1163562415,bot
1166046974,bot
1167326101,bot
1170354033577680896,bot
1171196331945275392,bot
1176136293157355520,bot
1178111089847996416,bot
1178167402258997248,bot
117848488,bot
1179436537471221760,bot
1179945224816201729,bot
1180953739793842176,bot
1181110188,bot
1181326548,bot
1181698680417595392,bot
1181748655,bot
1182036058617384960,bot
1182197324,bot
1182405041380085761,bot
1182796388792459264,bot
1182852746,bot
1183099957,bot
1183842404,bot
1185222438,bot
1185766269762592768,bot
1186625826,bot
1187405482228666371,bot
1190110776666791937,bot
1190179918824517634,bot
119168685,bot
1191885709,bot
1192138989211410432,bot
1192248667547275264,bot
119337098,bot
1194076501723013120,bot
1194152189142417408,bot
1194620284080476161,bot
1194766884144656389,bot
1196312636,bot
1196622163698180096,bot
1197209917972762625,bot
1197221184,bot
1197450984,bot
1197695820,bot
1198788958857117698,bot
1199768132832776193,bot
1201356512104349696,bot
120360548,bot
1204480029855551489,bot
120524196,bot
1205987374720864256,bot
1206274647488000000,bot
120660813,bot
1206814506,bot
120687584,bot
1206980352381616128,bot
1208031055040720896,bot
1208606744,bot
1209925070,bot
1210647318896291841,bot
12112272,bot
1211408114,bot
1211409152720830465,bot
1212665736,bot
1213657926717435904,bot
1214687241961791489,bot
1215432763,bot
1215533447080366080,bot
1216565576,bot
1217606115904540672,bot
1217650676,bot
1217998195252498432,bot
1218554293,bot
1218663010492993536,bot
1219471920950890496,bot
1219942786507603968,bot
1219986276495110151,bot
1220270732,bot
1220845592,bot
1221018175745200128,bot
1221565364,bot
1223192979726381057,bot
1223397450,bot
1224078440179163138,bot
1224304375,bot
1224336792,bot
1224365148,bot
1224403692536901633,bot
1225039480962174976,bot
1225775726,bot
1226242517655597056,bot
1231568676,bot
1239741481,bot
1245459300,bot
1246264112,bot
1247681035,bot
1247936395,bot
1248210798,bot
1248559261,bot
1249693405,bot
1253179825,bot
125815552,bot
1258263722,bot
1258858646,bot
125903964,bot
1259844199,bot
1263047233,bot
1264072429,bot
1268383134,bot
1272107305,bot
127281465,bot
127330717,bot
1276019316,bot
1285202802,bot
128718338,bot
130577403,bot
130907551,bot
1311217494,bot
1314935982,bot
1316038452,bot
131723652,bot
1320848394,bot
1324002602,bot
1324314144,bot
1327542978,bot
132775799,bot
1330001244,bot
133422810,bot
1335474918,bot
1338701508,bot
1339252272,bot
1350600788,bot
1358981810,bot
1359509311,bot
136073741,bot
136691845,bot
1369631810,bot
137023135,bot
137251923,bot
1373054707,bot
1373677573,bot
137721735,bot
1379099618,bot
1380919304,bot
1381306987,bot
1382536237,bot
13843022,bot
1386347178,bot
138889809,bot
1393206978,bot
139438330,bot
139742785,bot
1398625478,bot
1398661476,bot
1403069690,bot
1407458851,bot
1407560172,bot
1410715530,bot
1411527319,bot
141182021,bot
1416236629,bot
14206115,bot
1424708413,bot
1428549848,bot
143193424,bot
1432294795,bot
14360087,bot
1437648108,bot
144138510,bot
144189115,bot
1444636188,bot
1445111881,bot
1445307252,bot
1445600281,bot
1446572342,bot
1449813974,bot
1452336769,bot
1454434746,bot
1455047778,bot
1455128684,bot
1456900196,bot
1457104939,bot
1460317998,bot
146048090,bot
1461222152,bot
146170625,bot
1463507599,bot
1463647495,bot
1464957613,bot
146511354,bot
1465935776,bot
1467120289,bot
146757251,bot
1471615951,bot
147225606,bot
1473532470,bot
147436328,bot
1477518175,bot
1482284815,bot
14828950,bot
1488859158,bot
1495885926,bot
1495942490,bot
149822770,bot
1499967024,bot
150000301,bot
1503407317,bot
150589708,bot
150671488,bot
150724490,bot
1512234564,bot
151240882,bot
1512719214,bot
1513214906,bot
1513394275,bot
1516308428,bot
1518824575,bot
1519297950,bot
1522400450,bot
1523047634,bot
1524874524,bot
152892141,bot
1530503232,bot
1532898176,bot
1533124184,bot
1533893335,bot
153412198,bot
153875420,bot
1543682047,bot
154676911,bot
155081948,bot
155184468,bot
1553492700,bot
1560603559,bot
1564437284,bot
1568137454,bot
1568510904,bot
1568908844,bot
1572352226,bot
1572392935,bot
157403657,bot
1576179685,bot
157819845,bot
15846982,bot
1585409251,bot
159230211,bot
1593765925,bot
159584057,bot
1599679027,bot
1600142719,bot
1609486213,bot
1612147748,bot
1612394714,bot
1613166488,bot
1616007955,bot
1619032248,bot
1620604945,bot
1621018424,bot
162535607,bot
162747537,bot
16279880,bot
162851368,bot
1632474967,bot
1635495211,bot
163742105,bot
1638437586,bot
1641429204,bot
164476273,bot
1644805652,bot
164817223,bot
16512839,bot
1652398344,bot
1652528605,bot
165255622,bot
16585101,bot
1661094252,bot
166192416,bot
1662130044,bot
1664215976,bot
1666340408,bot
166738117,bot
167037092,bot
16751125,bot
168018884,bot
1681703688,bot
168336972,bot
1690353080,bot
1692770388,bot
169528136,bot
169538974,bot
1696547191,bot
1697508211,bot
1697866495,bot
1698449268,bot
1699741231,bot
17016693,bot
170194342,bot
170196083,bot
1702084686,bot
170212875,bot
170241204,bot
1703777425,bot
1704758341,bot
1706402264,bot
1709766050,bot
1711600399,bot
17133665,bot
1713993523,bot
171705488,bot
1719344958,bot
17194090,bot
1719740677,bot
1720728648,bot
1726098164,bot
172753966,bot
1728792608,bot
1729920648,bot
1731490868,bot
173449242,bot
1734929497,bot
173785127,bot
173883943,bot
1743123967,bot
174547730,bot
174867550,bot
17596616,bot
176804887,bot
179586427,bot
180331172,bot
182226167,bot
182590721,bot
184273958,bot
1855652744,bot
185569124,bot
1857062660,bot
1858022815,bot
18583783,bot
1863414091,bot
1868450264,bot
1868465510,bot
1870952172,bot
187167413,bot
1875298140,bot
1880330923,bot
1891850712,bot
1891896709,bot
189271687,bot
189284740,bot
1896191778,bot
1901482416,bot
1902606511,bot
1907893790,bot
1909921760,bot
1912909891,bot
1914926790,bot
1917328862,bot
192279335,bot
192706190,bot
192927401,bot
1931457416,bot
193516895,bot
193818184,bot
194241075,bot
194261777,bot
1943435029,bot
1946845640,bot
1950846428,bot
1951344535,bot
195572032,bot
195839424,bot
196032798,bot
1961064614,bot
196387309,bot
1963912196,bot
1965044298,bot
1965259543,bot
1971510714,bot
1972463287,bot
197254066,bot
197546251,bot
197792555,bot
198498198,bot
19863141,bot
19952294,bot
199566814,bot
200392363,bot
201517666,bot
20177658,bot
202003807,bot
202076595,bot
204204239,bot
205105882,bot
205518700,bot
205546528,bot
205583893,bot
205700338,bot
206217916,bot
208051948,bot
208149044,bot
20872511,bot
209132025,bot
209143894,bot
20959226,bot
211225475,bot
211772525,bot
21192623,bot
212882298,bot
213053765,bot
213940472,bot
214470757,bot
21455025,bot
2156067347,bot
2157748434,bot
2158304600,bot
216025104,bot
216110307,bot
216229977,bot
2165212889,bot
2168020818,bot
2168318184,bot
2171079759,bot
21712671,bot
2174303428,bot
217512978,bot
21766005,bot
21785269,bot
2178616609,bot
2178665757,bot
2179221553,bot
2181514525,bot
2182788434,bot
2183091188,bot
218600498,bot
2187209541,bot
2187933098,bot
2190207084,bot
2190330965,bot
2190781959,bot
2192945562,bot
2195410267,bot
2200839001,bot
220126587,bot
2203153698,bot
2206926703,bot
2208052035,bot
2209312166,bot
2209536436,bot
2210328715,bot
2216299843,bot
2217914172,bot
2222061668,bot
2223168968,bot
2224587702,bot
2226076832,bot
2230865219,bot
2233877317,bot
2234690252,bot
2234906166,bot
2237523356,bot
2240344764,bot
2244629215,bot
224495814,bot
2245887366,bot
2247288438,bot
2249151968,bot
225534962,bot
225618586,bot
226000569,bot
2260177964,bot
2261683985,bot
2261799676,bot
2262529256,bot
2263955958,bot
2264854836,bot
2265683694,bot
2266248967,bot
22663306,bot
2268838328,bot
2269027959,bot
2269084473,bot
2269576677,bot
2272099788,bot
2272896505,bot
2273769613,bot
2274205837,bot
2275587104,bot
227611738,bot
2277525565,bot
2277699418,bot
22789067,bot
2284343864,bot
2286048266,bot
2286142733,bot
2290204512,bot
2292415658,bot
2296213674,bot
2296263695,bot
2298125395,bot
2298516146,bot
2298726172,bot
2299072092,bot
230040765,bot
2300614933,bot
230104529,bot
2301364213,bot
2305362732,bot
2306602344,bot
2307364483,bot
2308934006,bot
231090690,bot
231149161,bot
2314491289,bot
231606186,bot
2316327692,bot
23192935,bot
2319500208,bot
23195603,bot
2321318628,bot
2321739096,bot
2324459200,bot
2327260359,bot
2327639124,bot
232906081,bot
2330796883,bot
2332583791,bot
23339809,bot
2336114922,bot
233710570,bot
2337192381,bot
233728097,bot
2337289428,bot
2337318434,bot
2339779142,bot
2341270926,bot
2343416736,bot
2343506629,bot
23443030,bot
2345804239,bot
234581523,bot
2346178956,bot
2346490508,bot
2349880056,bot
2350226064,bot
2351127066,bot
235230233,bot
2353646971,bot
235696377,bot
2359083076,bot
2359492989,bot
236077164,bot
2361497392,bot
236163841,bot
2365246994,bot
237299554,bot
2375683320,bot
2376389061,bot
2376833876,bot
2377776343,bot
237813792,bot
2379170940,bot
238193222,bot
238544151,bot
2385835042,bot
2386868269,bot
2387230368,bot
2387251057,bot
2387729370,bot
2389072063,bot
2389555933,bot
23905466,bot
239160808,bot
239406414,bot
239462840,bot
239512231,bot
239615243,bot
2398319856,bot
239860117,bot
2398678233,bot
239962766,bot
2399894634,bot
240160179,bot
240191071,bot
240329397,bot
240529343,bot
240659673,bot
2407292684,bot
240808699,bot
241087097,bot
2411262218,bot
2412633928,bot
2412847415,bot
2413356007,bot
2415560496,bot
2415597633,bot
2421307650,bot
2425539848,bot
2427521119,bot
242754403,bot
2431060645,bot
2433002263,bot
2433732199,bot
2433932918,bot
2434810824,bot
243565743,bot
243644830,bot
243674628,bot
2439951696,bot
2440160322,bot
24417847,bot
2442331823,bot
2444054254,bot
2444232436,bot
2444291587,bot
244568143,bot
2446353114,bot
244714086,bot
2448331436,bot
2449699404,bot
2449913803,bot
245112920,bot
2452467799,bot
2458350877,bot
246025560,bot
2462577457,bot
2466940272,bot
2475239546,bot
247765018,bot
247771492,bot
2478412089,bot
2479236436,bot
2479269926,bot
248098589,bot
248205631,bot
2482359307,bot
2483739553,bot
2484687302,bot
249005352,bot
2493362950,bot
249439393,bot
249537588,bot
2495663488,bot
2498106821,bot
2499318056,bot
2500085522,bot
25098358,bot
2510473509,bot
2513630249,bot
2513859613,bot
251721941,bot
2519816519,bot
2519891981,bot
25222920,bot
252405807,bot
2527871327,bot
2533428158,bot
2533591710,bot
2535676995,bot
253817179,bot
2539018708,bot
2541084617,bot
254291780,bot
2543165868,bot
254394005,bot
254609288,bot
2546860551,bot
255450764,bot
25566129,bot
255701414,bot
256615644,bot
2566358196,bot
25688595,bot
2569242318,bot
2570611370,bot
2570899651,bot
2573710002,bot
257462762,bot
2576112944,bot
2578516545,bot
257976039,bot
2580592724,bot
258931700,bot
2590860547,bot
2592594146,bot
2593607364,bot
2595266942,bot
2595541544,bot
2598682126,bot
2604505106,bot
2606918813,bot
260885614,bot
2612846407,bot
261430052,bot
2615486203,bot
261589142,bot
261646252,bot
261976295,bot
2620816234,bot
2621194802,bot
262685245,bot
263218406,bot
26343951,bot
263549739,bot
2635779277,bot
263814696,bot
263866717,bot
2649590550,bot
2650756538,bot
2652129859,bot
265245636,bot
2654356639,bot
265618632,bot
2661055955,bot
2661078552,bot
2670999326,bot
267328081,bot
2673516348,bot
267677068,bot
26804749,bot
2685441960,bot
268573326,bot
268810817,bot
2688942278,bot
2689342147,bot
269288025,bot
269302679,bot
2693260596,bot
2694875580,bot
270381732,bot
2708710676,bot
2710356091,bot
271052936,bot
271433018,bot
2715191753,bot
2719637915,bot
272064857,bot
2723208306,bot
2727025763,bot
2729743850,bot
2731338836,bot
2731401655,bot
2733840203,bot
2734389314,bot
2735405213,bot
2735462853,bot
2735884538,bot
273613560,bot
2738477133,bot
2739364239,bot
2740133619,bot
274071161,bot
2745624302,bot
2748601693,bot
2748961321,bot
274934655,bot
2753911935,bot
275831407,bot
2760461499,bot
2761765500,bot
2769288165,bot
2769558896,bot
277011067,bot
277018759,bot
2773539245,bot
277606407,bot
2776078238,bot
277669385,bot
2778344503,bot
278181545,bot
278284457,bot
2787074055,bot
278787076,bot
2790215287,bot
2790626649,bot
2790852783,bot
2793051859,bot
2793752271,bot
2794588066,bot
2795649473,bot
2796874588,bot
2797833497,bot
2798448936,bot
2800077705,bot
2801975448,bot
2804791188,bot
280686458,bot
2807583768,bot
280824014,bot
2810944022,bot
2811455401,bot
2819519334,bot
281977803,bot
2820557356,bot
2822030077,bot
282234993,bot
282506209,bot
2825953180,bot
2826057326,bot
2826477963,bot
2826489356,bot
28273116,bot
2828385840,bot
2828705712,bot
283100658,bot
28321195,bot
2835423140,bot
2836321987,bot
283677281,bot
2841116638,bot
2841854887,bot
2844435437,bot
2845668219,bot
284577198,bot
2847490074,bot
284841165,bot
2849400059,bot
2852007048,bot
2852992232,bot
2853714675,bot
2853716045,bot
2857358985,bot
2857773091,bot
2858113394,bot
2859643392,bot
285986459,bot
2860004098,bot
2860613232,bot
286129957,bot
2863024663,bot
286319846,bot
2864381501,bot
2865931440,bot
2868995980,bot
2869156258,bot
2871186250,bot
2874740743,bot
2876721064,bot
2877355530,bot
2878888502,bot
2882019862,bot
2882561170,bot
2884673774,bot
2885272629,bot
2888024378,bot
28884655,bot
2893159433,bot
2893274840,bot
2893629168,bot
289424073,bot
289869090,bot
290054616,bot
290223309,bot
290268638,bot
2904643327,bot
2906141538,bot
2906303546,bot
2906538468,bot
2907774137,bot
2908133537,bot
2909989579,bot
2910051577,bot
2912794847,bot
2912880004,bot
2914591259,bot
291551932,bot
291599967,bot
292056830,bot
2921136609,bot
2927558504,bot
293168686,bot
2933158255,bot
293432046,bot
2934795031,bot
2935014329,bot
2937736052,bot
2938077947,bot
2939913285,bot
2939940520,bot
294209842,bot
2942887685,bot
2943337035,bot
295028624,bot
2958596984,bot
295878207,bot
296560733,bot
2966130328,bot
2968722417,bot
2973096358,bot
2976541239,bot
2978167078,bot
2978282051,bot
2980315426,bot
2981832983,bot
2984286247,bot
2985118933,bot
2985519843,bot
2986078294,bot
2986577246,bot
2991740165,bot
2992377108,bot
299769264,bot
2998463923,bot
2999008687,bot
3001003638,bot
300209717,bot
3004222076,bot
30064335,bot
3006829221,bot
300864163,bot
3009810156,bot
301218888,bot
301308738,bot
3016208044,bot
3016355940,bot
3018545767,bot
3019425232,bot
302102255,bot
3024567384,bot
3028170970,bot
3028811206,bot
302948698,bot
303083726,bot
3031378822,bot
3033037881,bot
304196805,bot
3042874674,bot
304796828,bot
3053953932,bot
305581110,bot
3056068536,bot
3057959389,bot
3058221946,bot
3059092060,bot
30604083,bot
306149076,bot
3067668504,bot
306777704,bot
3074630264,bot
3086902329,bot
3091538887,bot
310027944,bot
3101233160,bot
310446507,bot
3109705110,bot
3112270893,bot
311272906,bot
311352751,bot
3114112868,bot
311848211,bot
3118663390,bot
312863663,bot
312944439,bot
3130589637,bot
313602150,bot
3137655678,bot
313825835,bot
3141877972,bot
3143230134,bot
3160483717,bot
316106284,bot
316242432,bot
3165240928,bot
3169226532,bot
3171106203,bot
3180067107,bot
318373218,bot
318512526,bot
3185820836,bot
318583796,bot
3187370910,bot
3192962633,bot
3193988145,bot
3194175062,bot
3198478673,bot
3198717378,bot
321280688,bot
321390831,bot
321400525,bot
3219489968,bot
3220084809,bot
322216804,bot
322303497,bot
3226074853,bot
3231781692,bot
3237862444,bot
3238422218,bot
323990830,bot
3244805072,bot
3245226532,bot
325190187,bot
325302900,bot
3254291902,bot
325723217,bot
3258294359,bot
3260756930,bot
3262306109,bot
3266892732,bot
327017753,bot
3278935033,bot
327927595,bot
328025402,bot
3282490657,bot
3287216719,bot
3287333180,bot
3287349272,bot
3291872786,bot
3292672877,bot
3295557976,bot
3297408227,bot
3299372399,bot
330086747,bot
3301238464,bot
3301779988,bot
3302891944,bot
3303941332,bot
330535936,bot
3305536529,bot
3306173819,bot
3311075567,bot
3312221096,bot
3314984156,bot
3315464599,bot
3317221923,bot
3318543460,bot
3321227699,bot
3323431305,bot
332350451,bot
3323948109,bot
3324596300,bot
332608219,bot
332653776,bot
3329840553,bot
333288040,bot
3334843313,bot
3339988251,bot
334365787,bot
3347203689,bot
3347533096,bot
335676366,bot
335682954,bot
336504482,bot
336620229,bot
3369559252,bot
337217236,bot
337357929,bot
3378748334,bot
3387714100,bot
3389996296,bot
339021400,bot
3391310981,bot
3394053112,bot
3397972514,bot
340127432,bot
3405976683,bot
34068026,bot
341935791,bot
3422398941,bot
3434174583,bot
343823125,bot
343873700,bot
344949979,bot
345682783,bot
346527397,bot
34656549,bot
346986940,bot
347404569,bot
349418616,bot
349474595,bot
349668622,bot
350917353,bot
3523708516,bot
352687322,bot
3527718743,bot
353361213,bot
354291200,bot
3546187637,bot
35475602,bot
354860784,bot
354863088,bot
355414046,bot
355685019,bot
357088003,bot
357465644,bot
357639499,bot
3579202337,bot
358603790,bot
358809552,bot
359638342,bot
3611891834,bot
3616347075,bot
362723824,bot
3627973637,bot
363493733,bot
364020889,bot
365159192,bot
365772930,bot
366498596,bot
3669870335,bot
3684208045,bot
3688307716,bot
3695071455,bot
369515948,bot
369750522,bot
370384848,bot
370433175,bot
370503878,bot
370980357,bot
371117378,bot
371295260,bot
372335003,bot
376510628,bot
377195434,bot
377249686,bot
3782583136,bot
378939240,bot
379095953,bot
379648875,bot
3796859908,bot
381829318,bot
381942359,bot
383260714,bot
3843586585,bot
385122741,bot
385785960,bot
3860020998,bot
38605342,bot
38605853,bot
386696098,bot
386774575,bot
386845857,bot
3882352332,bot
388321942,bot
389017242,bot
389077550,bot
389995997,bot
391598315,bot
3920518516,bot
392915415,bot
393190233,bot
393866135,bot
393873044,bot
393969873,bot
394691706,bot
395636849,bot
395729988,bot
395828425,bot
395878312,bot
396653234,bot
396926979,bot
3976196781,bot
398020806,bot
399350278,bot
399795890,bot
4000515677,bot
4001570653,bot
400825292,bot
400846409,bot
402098023,bot
402699614,bot
402810988,bot
40426450,bot
4048852873,bot
4070635240,bot
407071592,bot
407922503,bot
40798827,bot
409181336,bot
410876850,bot
411005468,bot
4121544200,bot
412719516,bot
41344312,bot
4142100074,bot
4153145773,bot
415611746,bot
4160794887,bot
41633598,bot
417294821,bot
4182380774,bot
418275704,bot
41890986,bot
418940034,bot
419053547,bot
419062020,bot
4190852728,bot
41908860,bot
419091526,bot
4196237301,bot
419862060,bot
420313864,bot
420463170,bot
420562659,bot
42074224,bot
4216891933,bot
4217071294,bot
4218179847,bot
422510662,bot
423445428,bot
42352323,bot
423547007,bot
4244628373,bot
427629797,bot
427635640,bot
428412276,bot
428450559,bot
428916913,bot
429009942,bot
429407532,bot
4299178814,bot
430879866,bot
4319870175,bot
432188058,bot
432287562,bot
4328785158,bot
433230953,bot
436058592,bot
436296702,bot
436376161,bot
436438204,bot
4364823972,bot
437419550,bot
437459720,bot
43784241,bot
438221300,bot
43858048,bot
4398446720,bot
440296545,bot
440901374,bot
44132912,bot
4429784235,bot
444387880,bot
444446665,bot
444710224,bot
444998375,bot
4450339640,bot
445094831,bot
4462075272,bot
44672556,bot
447128785,bot
447200783,bot
447351638,bot
44749843,bot
4484100814,bot
448682226,bot
449291974,bot
4497014896,bot
451264601,bot
451820471,bot
451839834,bot
4518999021,bot
45247854,bot
45251256,bot
452695727,bot
452756151,bot
4531060217,bot
4534106901,bot
4543463113,bot
4547994614,bot
456752057,bot
4568560635,bot
458309826,bot
458486214,bot
458584305,bot
4594744821,bot
45968088,bot
460101964,bot
460581332,bot
460956134,bot
461290098,bot
461324305,bot
4629953833,bot
4636755320,bot
464120575,bot
464508815,bot
465096524,bot
466348693,bot
4665583106,bot
466563097,bot
466602487,bot
466808543,bot
467191005,bot
46808996,bot
468337371,bot
468644785,bot
468691190,bot
46887301,bot
469023722,bot
4690478000,bot
469122450,bot
469320285,bot
470047065,bot
470080932,bot
470204324,bot
4704299394,bot
4705162161,bot
4705947570,bot
470963849,bot
4716947431,bot
4718581844,bot
472666333,bot
4730891536,bot
4738893174,bot
474569415,bot
475068384,bot
475398428,bot
4755125361,bot
476016711,bot
476024334,bot
4766002652,bot
4769959154,bot
477624577,bot
4776487536,bot
4778298479,bot
4779227375,bot
478142461,bot
478317891,bot
4783971638,bot
478879886,bot
479277746,bot
4798922670,bot
480401849,bot
480415155,bot
4813114536,bot
481767405,bot
4824471521,bot
4824943834,bot
4830577123,bot
4831682733,bot
483372102,bot
4833987226,bot
484665449,bot
485056733,bot
485234907,bot
485908027,bot
4859651009,bot
4860451825,bot
486619377,bot
4877886131,bot
488242941,bot
488572989,bot
488674265,bot
488703700,bot
4889216037,bot
489728651,bot
489958688,bot
4904864350,bot
49120470,bot
4913838674,bot
491384776,bot
491558666,bot
493147190,bot
493181259,bot
494558876,bot
494681405,bot
495453239,bot
496078728,bot
496562302,bot
497797700,bot
499117668,bot
499329344,bot
49966082,bot
500281660,bot
500480478,bot
501314123,bot
501898251,bot
503328980,bot
50347501,bot
505781271,bot
50914033,bot
509562445,bot
50973795,bot
510354952,bot
510437747,bot
51057694,bot
511221151,bot
512345455,bot
51386401,bot
514353087,bot
515390665,bot
516315537,bot
519872763,bot
52034456,bot
52233995,bot
523036777,bot
524229856,bot
524602536,bot
525682186,bot
525699447,bot
52615792,bot
52638658,bot
526697606,bot
527114029,bot
52821383,bot
52900252,bot
529405479,bot
53021910,bot
531044036,bot
531497385,bot
532389306,bot
533283875,bot
533316063,bot
533410189,bot
534710742,bot
535359159,bot
538453053,bot
539272301,bot
540839270,bot
54121964,bot
54169825,bot
54330296,bot
543323825,bot
543666179,bot
543976308,bot
544620486,bot
545366855,bot
545368833,bot
548079789,bot
550612530,bot
551386596,bot
551442213,bot
552172645,bot
553224712,bot
554703706,bot
555209443,bot
555377002,bot
555967752,bot
556650864,bot
55777370,bot
557850467,bot
559237433,bot
561491174,bot
561928397,bot
563759942,bot
564479670,bot
564514120,bot
56491860,bot
567844960,bot
569193926,bot
569659612,bot
569974121,bot
570601759,bot
571719383,bot
573826258,bot
575057784,bot
575829806,bot
576440711,bot
577273151,bot
578048089,bot
578163159,bot
58317832,bot
58358844,bot
584303557,bot
587856892,bot
589921131,bot
592925361,bot
593243747,bot
596261094,bot
597328632,bot
597801121,bot
598111146,bot
598172761,bot
600397667,bot
600421707,bot
601680201,bot
601900567,bot
602177807,bot
604319265,bot
605914773,bot
606112856,bot
606546631,bot
606558376,bot
60820070,bot
609627410,bot
610196784,bot
610962527,bot
611967777,bot
614183499,bot
614225658,bot
616481618,bot
62047782,bot
620953038,bot
621670424,bot
622526740,bot
622781530,bot
62313363,bot
62383136,bot
624211689,bot
62513435,bot
626497387,bot
626663041,bot
627066425,bot
627890978,bot
627930005,bot
630274151,bot
630478914,bot
630938433,bot
632148247,bot
632258538,bot
632838820,bot
633526681,bot
633615363,bot
63473887,bot
634751560,bot
635312663,bot
636140188,bot
636545298,bot
636598905,bot
64782523,bot
65712135,bot
65951872,bot
68101589,bot
68134220,bot
68174992,bot
69791992,bot
701044580951543808,bot
701047718,bot
702030516,bot
702759861,bot
703321670224838656,bot
704075615,bot
704763678193786880,bot
705137543944265728,bot
705462765293596672,bot
706289535383015424,bot
706818357,bot
707833806,bot
708473127945117697,bot
708592254,bot
708665434556469248,bot
708793688,bot
70885663,bot
71025647,bot
710276315,bot
711267839,bot
711329593,bot
713345772364767232,bot
713478995086610432,bot
713868637430386688,bot
714136838,bot
714187824,bot
714836556,bot
714991341,bot
714996149,bot
714996796582264832,bot
715060733906710528,bot
71602798,bot
717363629847396352,bot
718213193525383168,bot
718293265,bot
718569185194868736,bot
719550859051282432,bot
719724515672989698,bot
719731687228338176,bot
720032454,bot
720565696187510785,bot
720896695,bot
721305198,bot
721735735695400960,bot
721811168,bot
721944734,bot
722440296,bot
723416442532560897,bot
723482906,bot
724293139,bot
724313382602584065,bot
724577959659499520,bot
724677428669472769,bot
725329272,bot
725560144659111936,bot
725896100528295936,bot
727128360002920450,bot
727137760574857216,bot
727307759675285504,bot
728068152,bot
728607272,bot
728855248568193024,bot
729104184344227840,bot
729597720051232768,bot
730388626262130688,bot
730538063940571136,bot
730577459293249543,bot
731095736,bot
731842769724026885,bot
732261972725645312,bot
732671482812370944,bot
732736395891118083,bot
732881178143887360,bot
732933267909812224,bot
73346715,bot
733675092,bot
733703234666266624,bot
734442194,bot
734504779334836225,bot
73562405,bot
735688014161018880,bot
736012667215810560,bot
73615413,bot
737127481,bot
737721463,bot
738481556914884608,bot
738670332,bot
738850194,bot
741595669,bot
741804334543822848,bot
742377702305370113,bot
742447712105336832,bot
743297529580658688,bot
745161748731203584,bot
745189310,bot
74666693,bot
747803702702944257,bot
747905518153379844,bot
748486914,bot
750418300849393664,bot
751499508152987649,bot
75159420,bot
752822797806739456,bot
753596533417926656,bot
754379570,bot
754743809670520832,bot
755327804,bot
756230442,bot
756931916,bot
757075019000193024,bot
757703840669904896,bot
758070002993987584,bot
758828280,bot
759110604456095746,bot
759577687589400576,bot
760052422366552064,bot
760077087550103553,bot
760136292,bot
760159241403531265,bot
760199971685609472,bot
761600043379937280,bot
76249523,bot
763381716,bot
763724066419249152,bot
764155508,bot
764449095213780992,bot
764841621586190336,bot
765519244444495872,bot
765856005716606976,bot
766190970,bot
767898625,bot
769037479,bot
769650999942340608,bot
771732363143446528,bot
771734584631369728,bot
771970602,bot
772202703212703744,bot
772234034,bot
772264497453170688,bot
772915860,bot
772976977707933696,bot
773219529459544064,bot
773575629296046080,bot
77407187,bot
774156320245100544,bot
774338315524902913,bot
774782471703494656,bot
77485255,bot
775072084183519232,bot
775806901518938112,bot
775844696,bot
776560781198405632,bot
776649301,bot
777548667234508809,bot
777952125741596673,bot
778254858,bot
779997942,bot
780159920,bot
780929716173672452,bot
781497063598993409,bot
781502582023794688,bot
781515529,bot
78190385,bot
781941661848875008,bot
782603984737415169,bot
783036643754188801,bot
783509115754668032,bot
784109112,bot
784471315898109953,bot
784783818859294720,bot
785458822412369920,bot
785543718,bot
786568320216596480,bot
786856313611362304,bot
788077364,bot
788131075318910976,bot
788889859,bot
788983153977360384,bot
789905066769653761,bot
790217011171328000,bot
791773970034888704,bot
792425445929078788,bot
79371349,bot
793741815337717761,bot
793994016,bot
794312623932264453,bot
794339595286626314,bot
794946098,bot
795493406768123904,bot
795515546582138880,bot
795594276,bot
796022323212062720,bot
796403983476736000,bot
796851289,bot
797927149856403456,bot
798196450517651456,bot
799758526100819969,bot
79979666,bot
801168552,bot
802274479,bot
802821720713334785,bot
804046215671324672,bot
805126350386380800,bot
805270338,bot
805965427,bot
806143273471447040,bot
806363527,bot
809835776,bot
810823220,bot
813089911,bot
813369493,bot
813567258781810688,bot
815388229893378048,bot
815552224046829568,bot
816377569,bot
816736590412337158,bot
816798989785894916,bot
816979609916993536,bot
817101949,bot
817348080899080192,bot
817546296198397952,bot
817749946040340480,bot
818175294,bot
819599966,bot
820059490305314816,bot
820140984,bot
821346369361346560,bot
821346996661403650,bot
821741648,bot
821843867507052553,bot
822462665910063105,bot
822901284655210497,bot
823080846,bot
823346733367193600,bot
823381648293105664,bot
823416009763627008,bot
823729514245066752,bot
823901672699269121,bot
824289637254529024,bot
824331717347573762,bot
824608611288698880,bot
825502693,bot
825948698,bot
826079983,bot
826181002016018432,bot
826256205584535557,bot
826375531406913536,bot
826619984180678656,bot
826653423076470785,bot
826748565913534464,bot
827058847,bot
827103661977317381,bot
827495269394550785,bot
828862867,bot
828910882402955265,bot
829095470873997317,bot
831307291517386753,bot
831576481289601024,bot
831779153116536832,bot
831782664038449152,bot
832700878884831232,bot
833280277,bot
833668991256178688,bot
83490960,bot
835603125209808896,bot
837028350,bot
837269490,bot
83841942,bot
839075580,bot
839103212691066880,bot
839510308368547840,bot
840710502,bot
84114859,bot
841355108696915968,bot
84279087,bot
843510271066820609,bot
844855171,bot
845392971381927936,bot
846430113071742977,bot
847390657,bot
847566253,bot
848166125548568576,bot
848609180218949633,bot
848646586259443712,bot
849303039496392704,bot
849762604742459392,bot
850730899,bot
851849282726510592,bot
852039978569801729,bot
85254758,bot
853701073,bot
853716878,bot
853933010931941376,bot
853992715218038784,bot
854331265167892481,bot
855828970557677568,bot
856215075497136129,bot
857126934,bot
857578889304039428,bot
858196705090523136,bot
859437354058174464,bot
860527875220422656,bot
860654500431880192,bot
862610528711188480,bot
863047812631613441,bot
863440122,bot
864254582,bot
864260954,bot
865479344923197440,bot
86683287,bot
867112375408889856,bot
867245421256749057,bot
867287029,bot
867372778525163522,bot
867864429626626048,bot
868105475212152832,bot
868166004,bot
868614565604376576,bot
868962058989187072,bot
86985451,bot
871090147,bot
871409005,bot
871431225029689344,bot
871901658560823297,bot
871998242,bot
872233627639263232,bot
872247899438145537,bot
872293773195325441,bot
873018257002831873,bot
873628196591325186,bot
873758396452753409,bot
874206003377688576,bot
874379332579405826,bot
874828879101255680,bot
876102516139864064,bot
876367027631423488,bot
876730130349019136,bot
878300204,bot
878706692338397184,bot
878768990167945218,bot
879416319652790276,bot
879525915960672256,bot
879773234199224321,bot
880287168693981189,bot
881105019667447808,bot
881222188203945986,bot
881538455901134848,bot
881679922913304576,bot
881688089164259328,bot
881923341195542528,bot
882215484497768448,bot
882343224,bot
882414250161057792,bot
882660427947266048,bot
882714227248680961,bot
883079678906572806,bot
883335166202130433,bot
884232530412568576,bot
884702335552937984,bot
885245073813798912,bot
885441394973835264,bot
885709246364499971,bot
886998025373192192,bot
887316846894088192,bot
887734826203308032,bot
887797219469832192,bot
888013960359890947,bot
888334881662619648,bot
888922841697091585,bot
888941363793989633,bot
888953536666411009,bot
889811024,bot
890556991,bot
891311739391926274,bot
891580259048448001,bot
891616704589160448,bot
892128385492697088,bot
892188990991876096,bot
892275857779118080,bot
892458033095331840,bot
892719509752172544,bot
894358433025097728,bot
895133076224843776,bot
895308093185286145,bot
896545256543584257,bot
897371858374463488,bot
897666750640029697,bot
898575243308015618,bot
899169868460597248,bot
899210773,bot
899498052297400320,bot
900213711440420864,bot
900907985500872704,bot
902277205111169025,bot
902406518871601152,bot
902996995001999360,bot
903770442573512704,bot
903953910,bot
904495289586896896,bot
904731100974522368,bot
905293837,bot
905443664935231488,bot
906521185902399488,bot
906755035,bot
907085654760226821,bot
908411276640112640,bot
908688424156254209,bot
908722856992878593,bot
909448512,bot
909606587001638913,bot
910409041,bot
910753124268281856,bot
910811725,bot
911016721,bot
911171572626534400,bot
911254418581946368,bot
911651904828116992,bot
912271423212851200,bot
912277178343149570,bot
912631752853770240,bot
913127620325330944,bot
913546128,bot
914266027,bot
914511995596152832,bot
914635608382943233,bot
914850943593787392,bot
914879246987927552,bot
915389299,bot
916836419636736000,bot
917282262537854976,bot
917634198558699520,bot
918073104915746817,bot
920359296797429760,bot
920391689147244544,bot
920436714535116800,bot
920605141807403008,bot
920701934,bot
92092703,bot
921048750549798912,bot
921692600544972800,bot
922052736,bot
922110659554430976,bot
922402544,bot
922501717823954945,bot
923189291613917184,bot
923504508457635840,bot
923747634770190336,bot
923810017,bot
924802532966203392,bot
924991637041958912,bot
925809727,bot
925940064,bot
926286042793115648,bot
926635726506164225,bot
927027128268410881,bot
92723959,bot
928013627197665280,bot
928178972080271361,bot
928571569533747201,bot
929194252185284608,bot
929558709587525632,bot
93042370,bot
931044944906727426,bot
931192872283590656,bot
932049341862240256,bot
933722352596242432,bot
934622743,bot
935373506719580160,bot
935498889242611712,bot
935964414141874176,bot
936011468893491203,bot
936036962317885440,bot
936410467412660229,bot
936697043363475456,bot
936751324984639488,bot
937359401878474754,bot
937377073,bot
937523295968223232,bot
938666664,bot
938761722839601153,bot
938804685045141504,bot
939877967852949504,bot
93992192,bot
940326182016258048,bot
940533994038464512,bot
940660763760488455,bot
940667507349716992,bot
942183842,bot
942552074054701056,bot
942812271247548416,bot
943146800483045376,bot
943531262576332800,bot
944608315300044800,bot
944633389814083584,bot
945270067847188481,bot
945653458270527489,bot
945777779815088128,bot
945885676758847488,bot
946012102627643392,bot
946277719,bot
946504129740001280,bot
946757318439444485,bot
946960729,bot
947335707223191552,bot
947841424229142528,bot
947854158333440000,bot
947932601683243009,bot
948401903519617024,bot
948619309240274944,bot
948687954209370117,bot
948881958,bot
949088647,bot
949263966991036416,bot
94936708,bot
949948733831110657,bot
950188568,bot
950326296,bot
950406353973071873,bot
95106478,bot
951845572515786752,bot
952229269614268416,bot
952533181995061248,bot
952745082,bot
953327712583614464,bot
953679275848355840,bot
953705149263785989,bot
953724382207205376,bot
954275698373361667,bot
954485414852743168,bot
954578218115305472,bot
955075351,bot
955309318823227392,bot
955503581448298498,bot
955530852846456834,bot
956133580966629376,bot
956442030,bot
956463727854862336,bot
956522994,bot
95707854,bot
957474290,bot
957581863316541441,bot
957685460435861509,bot
957811939937214465,bot
958121068539064322,bot
958179858437124097,bot
958578054992941056,bot
95864498,bot
958781511431532545,bot
958841282159370240,bot
958873710391447553,bot
959070776715440129,bot
959150052286631936,bot
959285851875196928,bot
960188556,bot
96025752,bot
960749934,bot
960973144755527680,bot
961730419,bot
962143196082880512,bot
962576971183087616,bot
96271153,bot
963473466992214016,bot
963832685343879168,bot
964559013991059458,bot
964651200,bot
965301079092219904,bot
966285354847363072,bot
966317909659103232,bot
966760981,bot
966837667282513925,bot
967142905734418432,bot
967502824333393920,bot
968078130564001792,bot
968615329,bot
969138694308421632,bot
969444209940889600,bot
969468061,bot
969672378,bot
969944072,bot
970024894804189184,bot
970415991334277121,bot
970450639305273345,bot
970509550909566976,bot
971146854,bot
971223282,bot
971462834411442176,bot
972162448949116928,bot
973034568197574656,bot
973202960,bot
973212422,bot
973647568398962688,bot
973692154626404352,bot
974103996817379328,bot
974498490762973190,bot
976514017,bot
977043217,bot
977254766983163905,bot
97896547,bot
980856980,bot
981377780,bot
981413785,bot
981755559195086848,bot
982097468,bot
982493449286029312,bot
982793656452071425,bot
982989860091736065,bot
988068354,bot
989558064834580481,bot
989687016,bot
992461966378708992,bot
992562871300222981,bot
992820451524075520,bot
993276564,bot
993674729830612992,bot
993682286,bot
995026002089840641,bot
995213522,bot
996114852,bot
996399422601916418,bot
219540733,human
54619276,human
948891169,human
26042984,human
8283682,human
311062620,human
138737516,human
34875946,human
110535179,human
221922759,human
262940385,human
48814927,human
29247540,human
319785911,human
426353995,human
355418225,human
61603529,human
351076863,human
17680365,human
34371118,human
34051652,human
439928778,human
23645988,human
1158306108,human
16016705,human
54322823,human
1647573157,human
18771176,human
229219088,human
853669477,human
90472293,human
351130417,human
26554371,human
21826264,human
2294692417,human
25613591,human
19414861,human
15607337,human
588694711,human
66483027,human
37718165,human
32137995,human
1684237219,human
312195939,human
7618952,human
69436408,human
149013351,human
163489608,human
576348125,human
153559294,human
17468528,human
188105676,human
3146156240,human
17499936,human
427652956,human
859787192448712704,human
172511244,human
870447381006868480,human
349817494,human
101017453,human
48988950,human
2965787734,human
14745059,human
17721177,human
21636761,human
1671848557,human
35727881,human
16397938,human
436079352,human
41116847,human
61915131,human
596377986,human
255304260,human
27337548,human
18444665,human
2159329092,human
284867973,human
221858588,human
2305639040,human
22095916,human
127537612,human
3294572733,human
130945778,human
469357880,human
488717668,human
119440018,human
174145542,human
24767630,human
121631678,human
21187354,human
43652285,human
613088225,human
25284667,human
14816238,human
103073080,human
20550560,human
172788180,human
17028405,human
47423414,human
125215990,human
1686873912,human
1952721812,human
39916070,human
109685703,human
70600365,human
9083222,human
2975496784,human
20771519,human
248491362,human
14573745,human
1079997618,human
1039015705,human
58065825,human
64526215,human
34859699,human
981566796011622401,human
45004823,human
34396691,human
15940833,human
20136892,human
16734909,human
128558424,human
17312175,human
92996555,human
419083835,human
28602948,human
863733457,human
307690179,human
194636292,human
17503591,human
81062326,human
1157734974,human
17464261,human
30887511,human
25217702,human
139847909,human
19360351,human
15729207,human
242836537,human
168502762,human
1007427595,human
76918775,human
18699026,human
223868478,human
31516515,human
299790272,human
342716046,human
17310646,human
177641630,human
21865402,human
21822169,human
41098406,human
240678841,human
68271578,human
180841517,human
278069320,human
1037039454,human
27139045,human
219520823,human
44785664,human
61802282,human
16254381,human
223179929,human
107078762,human
1106501,human
3793960033,human
960706196,human
322132469,human
15146659,human
588587397,human
151117498,human
42432103,human
16534576,human
5780882,human
359997427,human
624936294,human
111220552,human
728020310964895744,human
17793087,human
16264842,human
34828272,human
21322255,human
18202632,human
15685406,human
104340042,human
15019344,human
720265901115711489,human
18958504,human
46034836,human
1561900206,human
309512562,human
15792514,human
2156167098,human
69475887,human
444205853,human
26380564,human
7740622,human
25527618,human
257126765,human
257087249,human
73990210,human
91271818,human
16374713,human
15145111,human
570436252,human
33903787,human
573008688,human
240641671,human
15335123,human
2616215901,human
10089542,human
45143254,human
22416023,human
68219213,human
15566123,human
2357677057,human
139805236,human
33234730,human
24776235,human
835857204,human
10717092,human
21684595,human
47753447,human
15525272,human
18450562,human
255370956,human
19416422,human
3847188633,human
242385901,human
1565041,human
222436278,human
811239440916054016,human
1143081932,human
107560072,human
2581857086,human
109579534,human
8720562,human
34233655,human
16223529,human
87766795,human
93943974,human
5990782,human
251918778,human
19865053,human
37531173,human
20253808,human
58544943,human
22382110,human
6351572,human
292633122,human
15661871,human
17877451,human
20121682,human
24889586,human
114557557,human
258481206,human
144995994,human
66652131,human
471514127,human
16458033,human
26534759,human
595299864,human
21246105,human
384471964,human
16463397,human
29738618,human
759948366,human
14538033,human
55851119,human
25180501,human
17449843,human
48737907,human
974708869,human
167704836,human
190905427,human
15300300,human
207799847,human
14792516,human
4019522178,human
191324405,human
52661430,human
149784821,human
171644812,human
17447246,human
423036151,human
15518537,human
21719375,human
573570993,human
227838448,human
15013405,human
3188558830,human
918169628,human
66933315,human
31464977,human
157793204,human
756123897783808000,human
93654953,human
2856781575,human
52173465,human
454645641,human
62347129,human
4348671,human
586,human
7654892,human
89979225,human
284626595,human
179588796,human
357837002,human
364534328,human
1289327088,human
23200391,human
42946380,human
618674871,human
26744624,human
426796052,human
14137737,human
196168350,human
860340144146141184,human
49586895,human
33916007,human
2153560873,human
2903979971,human
14600977,human
781725127,human
34367582,human
858498920,human
1485304172,human
111556423,human
34764540,human
19879256,human
18862246,human
758179242,human
18532867,human
58038523,human
14173930,human
16668573,human
112447717,human
45919773,human
18813143,human
704881669,human
255710216,human
1483464164,human
96205284,human
45192838,human
423154166,human
24630350,human
24062457,human
197224469,human
128534762,human
76743356,human
22549433,human
24848784,human
270090222,human
742846011932975104,human
259581901,human
21714938,human
1142711,human
17079694,human
344792152,human
112780173,human
16713013,human
1113202375,human
470368043,human
156342363,human
14458643,human
1934388686,human
125152418,human
15589386,human
225099584,human
1948293908,human
14066024,human
1119834276,human
35761681,human
2444454050,human
17793165,human
34400375,human
466721952,human
587579290,human
16299627,human
884578187392544769,human
720680905,human
192824559,human
461177967,human
18713314,human
19160434,human
769662515957501952,human
186655721,human
2243057712,human
22651270,human
3320478908,human
78385842,human
18025035,human
30188594,human
6819732,human
49272248,human
76235237,human
123585060,human
153086554,human
9594052,human
179810978,human
134918286,human
14266598,human
219104648,human
16745361,human
17159397,human
46015498,human
7370332,human
37932056,human
254873869,human
171480365,human
18351153,human
50863281,human
412518234,human
3039781324,human
1286710945,human
544716371,human
821782476515409920,human
36391088,human
531416329,human
781051028,human
117214547,human
18339274,human
14688144,human
140144781,human
221800898,human
147662527,human
1296774144,human
227373977,human
92242395,human
129774151,human
1132012321,human
78492615,human
188668717,human
14326420,human
302971361,human
27827813,human
241137695,human
24647812,human
2216623610,human
206921267,human
26149716,human
22505100,human
35916009,human
77968947,human
1130070541,human
15854702,human
321091935,human
245511321,human
325141447,human
89831415,human
188006317,human
41404784,human
18004009,human
31058145,human
26189696,human
652193,human
21771720,human
1010155094,human
376949684,human
84769987,human
1382791,human
16213403,human
25069385,human
5360012,human
23037867,human
19750789,human
44498699,human
962213876,human
90435637,human
76462131,human
21269694,human
33198720,human
169635024,human
180152984,human
40713876,human
237391563,human
41444712,human
22474812,human
27459374,human
15229557,human
194364678,human
18169582,human
162705721,human
15365401,human
40933275,human
77524749,human
257599952,human
18391051,human
115793956,human
49773236,human
547097112,human
23397958,human
845601138,human
8539242,human
19799261,human
17807970,human
8940342,human
15099295,human
19867571,human
898218643888197632,human
63077245,human
388627030,human
234186830,human
20243744,human
20280088,human
175330919,human
517995029,human
17758878,human
191049947,human
19049066,human
20330929,human
2590835076,human
21918787,human
21122578,human
375721095,human
71546514,human
11783502,human
2053051,human
41643124,human
398786662,human
43194865,human
12133382,human
192248791,human
1004804740105035777,human
283830242,human
114505454,human
705091592,human
163950604,human
129426727,human
27987687,human
107773039,human
16060054,human
14787085,human
14266196,human
12522,human
23497646,human
23318036,human
15975951,human
234857514,human
23530242,human
14677751,human
149099047,human
19123229,human
7857542,human
56746540,human
626533732,human
84816227,human
25141843,human
85485674,human
1639200440,human
240028072,human
3333055535,human
378631423,human
1073676020,human
2187251150,human
43170475,human
20215316,human
15461608,human
18179659,human
368050288,human
4899991,human
138141150,human
235747629,human
2554854913,human
889884434937200640,human
42472602,human
47475039,human
1072728805,human
39578447,human
15816595,human
33051317,human
1797991,human
185684899,human
394417223,human
255706796,human
38184280,human
53082555,human
20284575,human
17623512,human
17465286,human
21890177,human
498459134,human
145082202,human
2962370063,human
83993450,human
19396431,human
299917756,human
7786612,human
210957036,human
20627332,human
11810892,human
24236120,human
38270283,human
257824868,human
22792780,human
450611187,human
33964620,human
236132475,human
27078238,human
239575120,human
11651202,human
2257140654,human
38868694,human
151192336,human
882224900303409153,human
18638557,human
20456357,human
324570399,human
64826699,human
22021524,human
22059385,human
16006592,human
94141566,human
47318291,human
986390774,human
347419000,human
77926504,human
19453983,human
6892002,human
884982996,human
21419070,human
28713695,human
963047082,human
14346303,human
14232465,human
294756257,human
16550142,human
939622147,human
70740986,human
23033882,human
518568504,human
46260557,human
16659947,human
32545745,human
15950025,human
105275111,human
1731454231,human
191477653,human
36420369,human
51858290,human
43280157,human
932214169335627776,human
15358566,human
436100252,human
12403082,human
515822213,human
386135734,human
14221588,human
89553469,human
60693203,human
43214455,human
67415806,human
30051588,human
17760013,human
117341231,human
196540711,human
299156589,human
707059891,human
2724095695,human
880018682,human
17816420,human
48434251,human
24550000,human
226663569,human
3281098886,human
421163127,human
2592634077,human
289963138,human
193732179,human
171403133,human
14408705,human
24907451,human
28725171,human
2823218440,human
385447668,human
17282363,human
19134601,human
101214835,human
26188018,human
258338711,human
30821400,human
19511752,human
661163,human
161315681,human
36359192,human
16191760,human
2968140424,human
396088571,human
218195620,human
192935052,human
60506242,human
15549482,human
61516240,human
23515941,human
292968229,human
46949238,human
111635980,human
141341662,human
253536139,human
54635428,human
56471377,human
1053236226,human
13691782,human
578278321,human
17824099,human
29336407,human
21226678,human
153181367,human
423146699,human
34546946,human
14245253,human
176184325,human
31928507,human
1195054567,human
192589318,human
791243051813462016,human
15950054,human
362746034,human
252858879,human
21736838,human
3004231,human
21704949,human
16563015,human
742739906921963520,human
577060612,human
2544198971,human
900602521,human
208748836,human
957710354,human
422049167,human
1167948968,human
368472546,human
75364211,human
223354589,human
1684234034,human
308526298,human
594175899,human
17214825,human
1683907286,human
92889936,human
361569788,human
1708118976,human
291712805,human
22069471,human
25333609,human
33640905,human
3000261466,human
293786612,human
410113411,human
25088746,human
14722589,human
16012783,human
713104410,human
2797166390,human
3108351,human
1321785925,human
16187851,human
1542238148,human
20078986,human
930336259,human
115569519,human
89584852,human
15794496,human
102625402,human
274233761,human
912759481766957057,human
69416504,human
2551048190,human
30409200,human
346400805,human
21316253,human
34025138,human
14140714,human
17196807,human
56359325,human
22301031,human
30970382,human
25178222,human
41379801,human
222622640,human
18674588,human
15957506,human
4227017272,human
204075017,human
310597303,human
561441123,human
259341329,human
7091082,human
5778272,human
90456908,human
913664130,human
129960904,human
234798573,human
93637779,human
1001296272932864000,human
25649727,human
2830980198,human
143162009,human
12765522,human
17062358,human
15931663,human
3010869025,human
196337898,human
2423845160,human
973005421,human
289516877,human
253142796,human
23818581,human
824157,human
16474698,human
101043870,human
14858160,human
44704537,human
33608041,human
267860607,human
16364632,human
106481695,human
35575567,human
544927764,human
28354217,human
90676132,human
5966412,human
20086363,human
245031486,human
318682832,human
139186916,human
27564314,human
372729333,human
3121925308,human
1498648226,human
305189934,human
206468860,human
36129908,human
1965489247,human
40168326,human
15122826,human
1392282998,human
315331161,human
16012601,human
10726392,human
1471232930,human
36968571,human
33290097,human
855263756,human
612834596,human
14095626,human
154909422,human
37692594,human
19586517,human
19108766,human
15787371,human
19891596,human
19659605,human
80804103,human
37738073,human
17452463,human
54038828,human
35415506,human
130428321,human
57409991,human
92310823,human
168848966,human
107433523,human
15637319,human
14775998,human
17034631,human
147899730,human
18689780,human
17027378,human
15245652,human
14265924,human
16242277,human
2194124415,human
11442512,human
2380961067,human
25446267,human
24598070,human
246300125,human
15575800,human
623040697,human
80890381,human
370982639,human
174754159,human
16145763,human
233933608,human
494271814,human
212129844,human
81083096,human
16810171,human
202242689,human
22599438,human
16910232,human
16075573,human
52029429,human
28279637,human
423804754,human
1155572084,human
15327996,human
125325790,human
15824288,human
42782322,human
303940211,human
5972752,human
52755452,human
17325823,human
76854624,human
156667887,human
754878569252265984,human
106228835,human
7350962,human
18005489,human
468499741,human
17884583,human
3871760723,human
110827653,human
2209742392,human
41370216,human
15522308,human
209725175,human
21701757,human
6797952,human
17235003,human
14925956,human
24352352,human
21523363,human
2174616960,human
119000092,human
14517538,human
15922214,human
2575205850,human
455102100,human
22451908,human
565593851,human
14526644,human
389762109,human
1881534805,human
45422815,human
2253968388,human
15676578,human
236143056,human
1396151678,human
2977573516,human
46609085,human
15850297,human
2922928743,human
44457722,human
42923085,human
1952084330,human
37018002,human
163633469,human
1283319206,human
2767227699,human
1584014898,human
20487403,human
2833303375,human
222185665,human
16037600,human
199723335,human
28123862,human
1425748765,human
76403984,human
1101626341,human
18588815,human
272633657,human
319916258,human
2833658343,human
36047098,human
273853888,human
43654274,human
350961525,human
24036264,human
45869342,human
35941034,human
14762108,human
54730258,human
69605342,human
17781955,human
216799530,human
191633906,human
838511418,human
134160119,human
29229561,human
17845781,human
17031374,human
33912889,human
208246140,human
313821005,human
14123689,human
111721601,human
4116008413,human
30714308,human
343041182,human
128506014,human
213798858,human
111829844,human
31139434,human
23773209,human
22109106,human
426116125,human
19209801,human
43407467,human
54301390,human
318502332,human
14499468,human
304112893,human
3335040713,human
431969214,human
18880069,human
18224555,human
958372028,human
30224284,human
59502660,human
911780719,human
224810490,human
1643500784,human
588889517,human
94272056,human
24745957,human
56627441,human
2333577397,human
100683883,human
78986763,human
965091,human
2476048160,human
71622548,human
543941240,human
16987359,human
60843563,human
15369355,human
360714671,human
83788240,human
14836655,human
46241234,human
16249259,human
106463784,human
1029994225,human
137511672,human
19960900,human
738080573365702657,human
18013014,human
21146733,human
19050000,human
10162772,human
599001082,human
444908341,human
416418985,human
261900273,human
356929299,human
14701062,human
1498656096,human
19789372,human
317893401,human
23330998,human
14286806,human
176909855,human
70359496,human
534881613,human
242179803,human
262717598,human
30182005,human
14770470,human
1491965726,human
44771048,human
23588075,human
3262917734,human
1528307430,human
3148787797,human
66754444,human
43313304,human
570576883,human
19428464,human
2843685004,human
14375047,human
11738772,human
126051146,human
294707685,human
195681218,human
172485263,human
15397002,human
174110843,human
929823128259387392,human
20015311,human
17051264,human
15099007,human
23676149,human
340644602,human
242426145,human
28215139,human
20578408,human
550373091,human
69406354,human
2768807890,human
36978467,human
27822149,human
90589357,human
125862659,human
18517380,human
2384118506,human
710300755,human
2789056809,human
15432119,human
84816752,human
84393244,human
16986563,human
23403321,human
56699180,human
22496967,human
50916567,human
59917627,human
7436592,human
97555792,human
2924642426,human
26406958,human
36704352,human
27841030,human
18193849,human
544275098,human
31098240,human
505632711,human
25161054,human
130967186,human
31669847,human
1200019921,human
158502985,human
713273353,human
44356651,human
97710470,human
812135885328236551,human
20540348,human
556763518,human
226891781,human
27251924,human
56818774,human
2984872862,human
119023613,human
520547057,human
260548362,human
59526518,human
2339601,human
221859928,human
3141213592,human
246972341,human
16123423,human
592844349,human
176976565,human
1195567058,human
34175917,human
21829541,human
605165417,human
17893595,human
48534088,human
164649491,human
158426909,human
14354562,human
14676527,human
24436926,human
15641532,human
67683358,human
545098583,human
289394430,human
82689705,human
15610400,human
309315112,human
175174859,human
74753587,human
235159978,human
1089695454,human
14957147,human
16752675,human
27233671,human
304717600,human
29481992,human
11333922,human
38513145,human
19608199,human
41262945,human
102669423,human
13475802,human
1198481,human
407101742,human
18224612,human
50778320,human
23908154,human
1686543937,human
299751154,human
2981962858,human
53496184,human
390753374,human
558381779,human
994705358,human
233066753,human
196697157,human
46501363,human
361135478,human
45895089,human
20026504,human
134163734,human
89947367,human
28182253,human
28796038,human
381152398,human
977992638,human
36303802,human
589244564,human
46116415,human
518602986,human
2270215064,human
30875418,human
31779156,human
58265740,human
86683904,human
71361799,human
51240839,human
247142787,human
50718079,human
726960710,human
17773946,human
92443366,human
172482310,human
17161138,human
212005789,human
480196886,human
135886633,human
46960191,human
25545388,human
15498757,human
20341657,human
3586271,human
123179325,human
122193273,human
69121742,human
30471414,human
749963,human
282647169,human
498863526,human
44872052,human
59885434,human
141341863,human
177737258,human
257223459,human
541511214,human
587673904,human
32643650,human
58868322,human
121574840,human
14276135,human
603025587,human
66804351,human
21215254,human
329768150,human
27883652,human
15958732,human
16888571,human
14998938,human
52047494,human
28713373,human
20453211,human
757664948,human
1058246118,human
262325462,human
78899748,human
463446783,human
123692265,human
20686232,human
116565019,human
35279836,human
20926531,human
26572460,human
15999465,human
15370019,human
10717022,human
275572129,human
27877866,human
205376780,human
267719395,human
79569980,human
164493276,human
23450421,human
1884338521,human
217158910,human
78694788,human
4821831796,human
249003111,human
23335967,human
14221950,human
114773910,human
2801192631,human
14856951,human
1332272064,human
17635904,human
16185450,human
526630929,human
23696533,human
166678090,human
16527219,human
2545034534,human
258166437,human
202627333,human
614722543,human
377419742,human
20088350,human
394825507,human
63799454,human
97747246,human
1702535654,human
16195182,human
1107178933,human
329850172,human
46527860,human
196299243,human
130274805,human
198781614,human
38536646,human
19654634,human
159643888,human
18840710,human
2670759914,human
42944430,human
28601605,human
472540675,human
307150216,human
472587261,human
16490790,human
298031144,human
15781769,human
35281085,human
789959876,human
476390447,human
2287328803,human
257636542,human
575388640,human
717100525,human
7274772,human
72944832,human
22737226,human
14357283,human
987961472,human
817542625,human
22677427,human
22790104,human
34387610,human
57164144,human
27867682,human
15792153,human
20288618,human
631475517,human
24751910,human
17611773,human
242666205,human
14365873,human
314553133,human
3250521481,human
25516222,human
20926233,human
19445695,human
151183091,human
352547168,human
407440890,human
21525579,human
3459051,human
21621886,human
120221985,human
20945155,human
17047744,human
43458175,human
182161659,human
39000115,human
18633689,human
48424266,human
883274156,human
44707441,human
145845367,human
15971805,human
90399509,human
14803430,human
33777803,human
721127537674489856,human
573788425,human
123434827,human
2250948913,human
12284932,human
459427913,human
73439531,human
210876407,human
718869104556281856,human
27583042,human
118719917,human
46059944,human
80893289,human
14321981,human
305945091,human
211218767,human
261232011,human
256162494,human
28185163,human
24852012,human
114121962,human
233985354,human
1149480530,human
43996908,human
438799429,human
1400973342,human
70544000,human
24170193,human
1727785579,human
14885540,human
6487292,human
322029112,human
18820399,human
267967624,human
171287153,human
17768924,human
524733591,human
20278154,human
578650970,human
223509017,human
14079471,human
21169078,human
19430999,human
17262487,human
2224079705,human
102107018,human
179083873,human
96461789,human
159216777,human
109047474,human
32711332,human
360866586,human
920104904,human
919952370678812674,human
813402,human
183756527,human
242098934,human
165153530,human
243629377,human
49421426,human
74508260,human
543853470,human
112593696,human
128870883,human
14849240,human
20545040,human
431308861,human
235312723,human
131250818,human
223981354,human
35553764,human
1687283088,human
39619442,human
148217505,human
351260120,human
878212968923766784,human
8624752,human
18089641,human
34613951,human
82945525,human
14269446,human
30902514,human
38867536,human
110798856,human
89604232,human
1945724101,human
20509044,human
49670748,human
242759237,human
143430896,human
15682352,human
193794406,human
2853309155,human
5448502,human
14980820,human
15387664,human
1006232250,human
20100147,human
178372193,human
66672175,human
64380665,human
73650128,human
791788106,human
7824172,human
36937588,human
742735530287304704,human
12455302,human
34793170,human
22219541,human
4077671,human
11178672,human
47509268,human
121478572,human
20611469,human
610320045,human
25981578,human
26695904,human
50522278,human
20571531,human
91583544,human
4569690923,human
166024333,human
207662296,human
849578563,human
26876793,human
65497475,human
768632,human
83483361,human
84619620,human
11254852,human
436826287,human
29580450,human
715669667356880896,human
130781387,human
14934109,human
2207592050,human
16247719,human
16535125,human
15862680,human
23837831,human
43467353,human
275315776,human
1009493154,human
23431221,human
449290480,human
22903724,human
48485996,human
1640603341,human
160175660,human
295731821,human
25896607,human
1286161147,human
18461401,human
1636326834,human
11856032,human
14667411,human
225265639,human
17688714,human
407013776,human
4468081633,human
17197344,human
803061715,human
1486473206,human
16376937,human
1240034964,human
25557388,human
449366323,human
18036062,human
281236170,human
15530198,human
1238357485,human
22678797,human
140560637,human
914560130,human
14565991,human
26006398,human
1428034788,human
22346318,human
16539053,human
35680393,human
49950808,human
115393565,human
47348140,human
247476364,human
302083519,human
255527829,human
33573444,human
1075038894,human
5690002,human
20775769,human
22127526,human
140417519,human
951900990,human
45511031,human
588551732,human
29770862,human
35115058,human
17871030,human
322772286,human
18319313,human
11268812,human
458234232,human
626452321,human
15220768,human
278175882,human
22651121,human
183749334,human
155613846,human
30114946,human
116640323,human
191074329,human
1632710958,human
19786122,human
272762210,human
15771003,human
22652566,human
15451591,human
2968007206,human
52136185,human
27087640,human
27530178,human
262271317,human
41169223,human
38055292,human
183378744,human
612473,human
3431941156,human
14382779,human
416786529,human
544304020,human
51770633,human
21352349,human
229636313,human
34011331,human
77487918,human
119235720,human
458717914,human
1512366384,human
24921197,human
19553409,human
16809556,human
116764836,human
284111222,human
22151966,human
256353739,human
98464595,human
582386994,human
16456004,human
275828417,human
274606076,human
16825083,human
79173358,human
70194148,human
43581352,human
151106990,human
188803750,human
1711475467,human
327684727,human
321799506,human
60496760,human
771388593130483712,human
31583882,human
2286056016,human
89721585,human
49538700,human
2205567079,human
460655639,human
145240393,human
145741832,human
185270017,human
74991475,human
1900069152,human
19921215,human
767892066,human
65381936,human
2840527584,human
171657902,human
538374325,human
227545922,human
22080935,human
44473103,human
473665415,human
41408233,human
20168054,human
185506731,human
127907048,human
2437164474,human
166168978,human
21301933,human
19165963,human
169413838,human
81857654,human
14996609,human
13594462,human
19208535,human
21082047,human
518170154,human
70339630,human
185408277,human
44438256,human
2764864491,human
87313704,human
126134013,human
260814309,human
198381553,human
3403047461,human
14892330,human
192993369,human
21927348,human
20032587,human
47311830,human
47812430,human
14602051,human
30980844,human
349777789,human
17668340,human
20083388,human
20336988,human
274925909,human
216889727,human
658353,human
61306578,human
1141039176,human
25531164,human
60718655,human
14305753,human
17509945,human
2768501,human
53832621,human
43081691,human
242883110,human
49729058,human
27013292,human
318535212,human
516735853,human
207560742,human
387027891,human
15669888,human
574684578,human
20716349,human
529250880,human
270315611,human
20711495,human
32690471,human
32494537,human
250263881,human
22632037,human
54246440,human
27592116,human
14244162,human
31394354,human
299952256,human
15352439,human
1131217278,human
18009781,human
199443025,human
286654612,human
2303322370,human
178832906,human
19983463,human
22552228,human
754714,human
39407743,human
3840981,human
56132007,human
102558152,human
1887528152,human
37292495,human
247411057,human
41386278,human
14399917,human
6218752,human
77845268,human
331703548,human
55475057,human
49573859,human
17453548,human
52601279,human
25935803,human
512352048,human
16048357,human
27716044,human
1530459984,human
89788739,human
32494510,human
1198954656,human
209220102,human
76792854,human
352211941,human
15080288,human
2283960169,human
243318995,human
3982004534,human
15829574,human
17355423,human
129727090,human
22156672,human
23153664,human
119834114,human
3250029818,human
15253239,human
312506921,human
2613600829,human
21704138,human
1917826916,human
16804088,human
20572921,human
16753660,human
88806753,human
738020712,human
2425882104,human
14861641,human
1615516466,human
702208040,human
1202033305,human
19084210,human
17706519,human
19991186,human
19146778,human
901213862132932608,human
307434638,human
20195338,human
144552023,human
15935242,human
138443298,human
6235392,human
215394871,human
27439771,human
182695384,human
1377060878,human
23781227,human
24740039,human
16303106,human
1069811420,human
1092221005,human
282195067,human
82529146,human
131609541,human
149155812,human
36602488,human
21072250,human
34662162,human
353031969,human
17156000,human
155694788,human
201923339,human
385587235,human
262471147,human
442026896,human
19259102,human
15973881,human
420468181,human
250581747,human
20493166,human
819127464,human
20108080,human
9229732,human
135572710,human
1470250544,human
16908369,human
108309868,human
37825732,human
28902856,human
15329621,human
77032777,human
500000477,human
342213755,human
486864604,human
14642495,human
15887449,human
60919240,human
242595221,human
16564008,human
94139317,human
15828408,human
60379292,human
25190489,human
14815608,human
68498034,human
64757296,human
333884213,human
284067858,human
2960221,human
210232192,human
258900199,human
43078558,human
93121635,human
16228326,human
16639736,human
3239115411,human
1309143127,human
2772798101,human
580385556,human
69777601,human
165326839,human
7661842,human
79366215,human
22990674,human
14876017,human
21471357,human
34737729,human
101296422,human
4897803268,human
1471542956,human
93719349,human
15645093,human
11265832,human
18909919,human
35636049,human
789303014192402432,human
11700672,human
839596085660291072,human
222177693,human
326947824,human
27689907,human
142720807,human
3121865392,human
172851165,human
204995942,human
38913318,human
272548778,human
1849164720,human
17349381,human
266251183,human
351667869,human
57331275,human
1949906586,human
221236430,human
43822174,human
84100525,human
3249041383,human
43629631,human
75563288,human
338076065,human
88136400,human
25732408,human
554108359,human
288483638,human
143915733,human
16402111,human
16572109,human
33166794,human
293942732,human
19387798,human
1496971,human
17537467,human
14234858,human
22133515,human
103215322,human
36376606,human
1521208898,human
246108164,human
65127962,human
245441097,human
15664858,human
14140617,human
20531221,human
473198596,human
26598302,human
95922614,human
91491046,human
17177145,human
198597799,human
1048784496,human
266212209,human
360811389,human
19409213,human
246302252,human
248113252,human
24431892,human
57359277,human
315779591,human
739602678,human
121224595,human
140187322,human
11251362,human
817133173,human
191915993,human
855720408,human
41747410,human
8557,human
21956433,human
602386334,human
33545545,human
20282776,human
15535860,human
204459963,human
90278796,human
1266209922,human
534840893,human
22565296,human
24432463,human
38708675,human
22803494,human
65141130,human
239529147,human
14941706,human
171722417,human
31353042,human
17918338,human
219084863,human
14463848,human
76652862,human
37979530,human
176468814,human
18213483,human
14934774,human
9715012,human
14096558,human
63073834,human
38724491,human
123641728,human
117858323,human
16966104,human
800447359050137601,human
47490022,human
376795126,human
340613443,human
19844311,human
133832049,human
41584448,human
361504553,human
18672140,human
436925910,human